tier,layer,component,perturbation,mean_delta,std_delta
tier_1,0,attn_out,code_switching,0.026099999999999998,0.08829999999999999
tier_1,0,attn_out,standard_translation,-0.0023749999999999995,0.039175
tier_1,0,attn_out,transliteration,0.013150000000000002,0.035475
tier_1,0,mlp_out,code_switching,0.0446,0.0557
tier_1,0,mlp_out,standard_translation,0.027374999999999997,0.08209999999999999
tier_1,0,mlp_out,transliteration,0.032874999999999995,0.04455
tier_1,0,residual,code_switching,0.016475,0.10165
tier_1,0,residual,standard_translation,0.01975,0.09275
tier_1,0,residual,transliteration,0.06645,0.07725
tier_1,1,attn_out,code_switching,0.028974999999999997,0.031525000000000004
tier_1,1,attn_out,standard_translation,-0.0024749999999999998,0.030275
tier_1,1,attn_out,transliteration,0.004574999999999999,0.030825
tier_1,1,mlp_out,code_switching,0.051199999999999996,0.072175
tier_1,1,mlp_out,standard_translation,0.009750000000000002,0.038325
tier_1,1,mlp_out,transliteration,0.0042,0.038
tier_1,1,residual,code_switching,0.039375,0.13490000000000002
tier_1,1,residual,standard_translation,0.012800000000000002,0.088825
tier_1,1,residual,transliteration,0.052875000000000005,0.058175
tier_1,2,attn_out,code_switching,0.01405,0.0161
tier_1,2,attn_out,standard_translation,-0.00415,0.013175
tier_1,2,attn_out,transliteration,0.004875,0.014525
tier_1,2,mlp_out,code_switching,0.062525,0.075675
tier_1,2,mlp_out,standard_translation,0.00032499999999999977,0.055475000000000003
tier_1,2,mlp_out,transliteration,0.006849999999999999,0.033225000000000005
tier_1,2,residual,code_switching,0.050824999999999995,0.1358
tier_1,2,residual,standard_translation,0.013124999999999998,0.0832
tier_1,2,residual,transliteration,0.05115,0.056100000000000004
tier_1,3,attn_out,code_switching,0.022925,0.0317
tier_1,3,attn_out,standard_translation,0.0060999999999999995,0.0288
tier_1,3,attn_out,transliteration,-0.065275,0.06315
tier_1,3,mlp_out,code_switching,0.02335,0.057300000000000004
tier_1,3,mlp_out,standard_translation,0.0020750000000000005,0.03415
tier_1,3,mlp_out,transliteration,0.01275,0.02475
tier_1,3,residual,code_switching,0.052724999999999994,0.135225
tier_1,3,residual,standard_translation,0.00805,0.0827
tier_1,3,residual,transliteration,0.053625,0.04665
tier_1,4,attn_out,code_switching,0.0030000000000000005,0.023675
tier_1,4,attn_out,standard_translation,0.00425,0.019425
tier_1,4,attn_out,transliteration,0.0006749999999999999,0.014725
tier_1,4,mlp_out,code_switching,0.005925,0.04605
tier_1,4,mlp_out,standard_translation,-0.02,0.0342
tier_1,4,mlp_out,transliteration,0.00825,0.0235
tier_1,4,residual,code_switching,0.041425,0.118825
tier_1,4,residual,standard_translation,0.0014000000000000002,0.060524999999999995
tier_1,4,residual,transliteration,0.056424999999999996,0.054425
tier_1,5,attn_out,code_switching,0.010575000000000001,0.0201
tier_1,5,attn_out,standard_translation,-0.00665,0.0148
tier_1,5,attn_out,transliteration,0.0004750000000000001,0.009025
tier_1,5,mlp_out,code_switching,0.02145,0.042525
tier_1,5,mlp_out,standard_translation,-0.014525,0.024399999999999998
tier_1,5,mlp_out,transliteration,0.009874999999999998,0.032875
tier_1,5,residual,code_switching,0.035,0.097
tier_1,5,residual,standard_translation,0.00135,0.052125
tier_1,5,residual,transliteration,0.0553,0.0507
tier_1,6,attn_out,code_switching,0.00315,0.018449999999999998
tier_1,6,attn_out,standard_translation,-0.010225,0.01435
tier_1,6,attn_out,transliteration,0.001925,0.019575
tier_1,6,mlp_out,code_switching,0.0127,0.027424999999999998
tier_1,6,mlp_out,standard_translation,-0.025225,0.020725
tier_1,6,mlp_out,transliteration,0.00545,0.02805
tier_1,6,residual,code_switching,0.005199999999999996,0.081925
tier_1,6,residual,standard_translation,-0.000725,0.0433
tier_1,6,residual,transliteration,0.04305,0.048975
tier_1,7,attn_out,code_switching,0.007325,0.019725
tier_1,7,attn_out,standard_translation,-0.0063750000000000005,0.018325
tier_1,7,attn_out,transliteration,-0.0026999999999999997,0.014025
tier_1,7,mlp_out,code_switching,0.012175,0.028325
tier_1,7,mlp_out,standard_translation,-0.016774999999999998,0.022449999999999998
tier_1,7,mlp_out,transliteration,0.003575000000000001,0.02265
tier_1,7,residual,code_switching,-0.017625,0.076725
tier_1,7,residual,standard_translation,-0.00022500000000000037,0.041575
tier_1,7,residual,transliteration,0.047424999999999995,0.04305
tier_1,8,attn_out,code_switching,0.00012499999999999995,0.010475
tier_1,8,attn_out,standard_translation,-0.01235,0.01325
tier_1,8,attn_out,transliteration,-0.005425,0.01115
tier_1,8,mlp_out,code_switching,-0.00044999999999999977,0.017525
tier_1,8,mlp_out,standard_translation,-0.013025000000000002,0.0245
tier_1,8,mlp_out,transliteration,-0.0014500000000000001,0.013975
tier_1,8,residual,code_switching,-0.033775,0.06835
tier_1,8,residual,standard_translation,-0.00029999999999999905,0.036225
tier_1,8,residual,transliteration,0.0381,0.037275
tier_1,9,attn_out,code_switching,0.00235,0.008775
tier_1,9,attn_out,standard_translation,-0.009525,0.01455
tier_1,9,attn_out,transliteration,0.0077,0.014725
tier_1,9,mlp_out,code_switching,0.007575,0.01525
tier_1,9,mlp_out,standard_translation,-0.0057,0.027525
tier_1,9,mlp_out,transliteration,0.00745,0.0154
tier_1,9,residual,code_switching,-0.028675,0.059925
tier_1,9,residual,standard_translation,0.006599999999999999,0.035475
tier_1,9,residual,transliteration,0.048675,0.037175
tier_1,10,attn_out,code_switching,0.003725,0.005575
tier_1,10,attn_out,standard_translation,-0.0034,0.012325
tier_1,10,attn_out,transliteration,0.0009000000000000001,0.00675
tier_1,10,mlp_out,code_switching,0.0037,0.010175
tier_1,10,mlp_out,standard_translation,-0.012275,0.01505
tier_1,10,mlp_out,transliteration,0.009025,0.0161
tier_1,10,residual,code_switching,-0.03385,0.053025
tier_1,10,residual,standard_translation,0.013775,0.0226
tier_1,10,residual,transliteration,0.0466,0.03725
tier_1,11,attn_out,code_switching,0.004925,0.009575
tier_1,11,attn_out,standard_translation,-0.00215,0.0072
tier_1,11,attn_out,transliteration,-0.0008499999999999996,0.00615
tier_1,11,mlp_out,code_switching,0.003575,0.01885
tier_1,11,mlp_out,standard_translation,-0.007824999999999999,0.018325
tier_1,11,mlp_out,transliteration,0.01165,0.01485
tier_1,11,residual,code_switching,-0.028874999999999998,0.0507
tier_1,11,residual,standard_translation,0.023775,0.0297
tier_1,11,residual,transliteration,0.039175,0.03025
tier_1,12,attn_out,code_switching,0.003275,0.0052
tier_1,12,attn_out,standard_translation,0.006075,0.007875
tier_1,12,attn_out,transliteration,0.0027,0.010675
tier_1,12,mlp_out,code_switching,-0.0035499999999999998,0.007075
tier_1,12,mlp_out,standard_translation,0.00040000000000000013,0.0076
tier_1,12,mlp_out,transliteration,0.011075,0.015575
tier_1,12,residual,code_switching,-0.015975,0.043875
tier_1,12,residual,standard_translation,0.0335,0.02455
tier_1,12,residual,transliteration,0.033424999999999996,0.023875
tier_1,13,attn_out,code_switching,0.001,0.002175
tier_1,13,attn_out,standard_translation,0.003275,0.0039
tier_1,13,attn_out,transliteration,0.001275,0.007075
tier_1,13,mlp_out,code_switching,-0.003675,0.006925000000000001
tier_1,13,mlp_out,standard_translation,-0.002275,0.006274999999999999
tier_1,13,mlp_out,transliteration,0.007375,0.01315
tier_1,13,residual,code_switching,-0.0144,0.043825
tier_1,13,residual,standard_translation,0.021325,0.010925
tier_1,13,residual,transliteration,0.0229,0.022324999999999998
tier_1,14,attn_out,code_switching,0.001575,0.0026
tier_1,14,attn_out,standard_translation,0.0033,0.003325
tier_1,14,attn_out,transliteration,0.0094,0.0079
tier_1,14,mlp_out,code_switching,-0.005,0.0063
tier_1,14,mlp_out,standard_translation,-0.0024999999999999996,0.006925
tier_1,14,mlp_out,transliteration,-0.00565,0.013000000000000001
tier_1,14,residual,code_switching,-0.009875,0.03795
tier_1,14,residual,standard_translation,0.020825,0.00935
tier_1,14,residual,transliteration,0.01745,0.021125
tier_1,15,attn_out,code_switching,0.00085,0.002175
tier_1,15,attn_out,standard_translation,-0.0005499999999999999,0.0027500000000000003
tier_1,15,attn_out,transliteration,0.00275,0.00425
tier_1,15,mlp_out,code_switching,-0.0007,0.009850000000000001
tier_1,15,mlp_out,standard_translation,-0.0011500000000000002,0.006575
tier_1,15,mlp_out,transliteration,0.0057,0.007475
tier_1,15,residual,code_switching,-0.0018999999999999998,0.03225
tier_1,15,residual,standard_translation,0.013900000000000001,0.008799999999999999
tier_1,15,residual,transliteration,0.014424999999999999,0.0177
tier_1,16,attn_out,code_switching,-0.00039999999999999996,0.0021
tier_1,16,attn_out,standard_translation,0.002625,0.0026750000000000003
tier_1,16,attn_out,transliteration,0.003225,0.00425
tier_1,16,mlp_out,code_switching,0.001275,0.004325
tier_1,16,mlp_out,standard_translation,-0.001,0.00485
tier_1,16,mlp_out,transliteration,-0.000675,0.0074
tier_1,16,residual,code_switching,-0.007125000000000001,0.023899999999999998
tier_1,16,residual,standard_translation,0.016,0.0092
tier_1,16,residual,transliteration,0.016,0.0149
tier_1,17,attn_out,code_switching,-0.000625,0.00265
tier_1,17,attn_out,standard_translation,0.000375,0.001075
tier_1,17,attn_out,transliteration,0.0027,0.00275
tier_1,17,mlp_out,code_switching,0.000625,0.004
tier_1,17,mlp_out,standard_translation,0.000825,0.003775
tier_1,17,mlp_out,transliteration,0.00305,0.0068000000000000005
tier_1,17,residual,code_switching,-0.004,0.0203
tier_1,17,residual,standard_translation,0.012400000000000001,0.008225
tier_1,17,residual,transliteration,0.015,0.01185
tier_1,18,attn_out,code_switching,-2.500000000000001e-05,0.000875
tier_1,18,attn_out,standard_translation,7.500000000000001e-05,0.00105
tier_1,18,attn_out,transliteration,0.00135,0.001125
tier_1,18,mlp_out,code_switching,-0.0006999999999999999,0.003775
tier_1,18,mlp_out,standard_translation,0.000125,0.0032
tier_1,18,mlp_out,transliteration,0.001825,0.005275
tier_1,18,residual,code_switching,-0.005925,0.020775000000000002
tier_1,18,residual,standard_translation,0.009825,0.005125
tier_1,18,residual,transliteration,0.016375,0.012
tier_1,19,attn_out,code_switching,7.499999999999997e-05,0.001375
tier_1,19,attn_out,standard_translation,0.0004249999999999999,0.000925
tier_1,19,attn_out,transliteration,-0.0007,0.00225
tier_1,19,mlp_out,code_switching,-0.0013,0.0039
tier_1,19,mlp_out,standard_translation,5.000000000000002e-05,0.002325
tier_1,19,mlp_out,transliteration,0.0031999999999999997,0.0036
tier_1,19,residual,code_switching,-0.0060999999999999995,0.0204
tier_1,19,residual,standard_translation,0.009525,0.005275
tier_1,19,residual,transliteration,0.014074999999999999,0.0107
tier_1,20,attn_out,code_switching,7.499999999999998e-05,0.000825
tier_1,20,attn_out,standard_translation,-0.00075,0.001025
tier_1,20,attn_out,transliteration,-0.0016749999999999998,0.001725
tier_1,20,mlp_out,code_switching,0.00245,0.005175
tier_1,20,mlp_out,standard_translation,0.0014750000000000002,0.0027749999999999997
tier_1,20,mlp_out,transliteration,0.0063,0.0059
tier_1,20,residual,code_switching,-0.0063,0.020125
tier_1,20,residual,standard_translation,0.009075,0.0049
tier_1,20,residual,transliteration,0.014825,0.0092
tier_1,21,attn_out,code_switching,-0.00015000000000000001,0.00145
tier_1,21,attn_out,standard_translation,0.00025,0.00105
tier_1,21,attn_out,transliteration,-0.00025,0.0013
tier_1,21,mlp_out,code_switching,-0.000325,0.0033
tier_1,21,mlp_out,standard_translation,0.0015,0.00235
tier_1,21,mlp_out,transliteration,-0.0005249999999999999,0.003825
tier_1,21,residual,code_switching,-0.004625,0.019325000000000002
tier_1,21,residual,standard_translation,0.00915,0.0044
tier_1,21,residual,transliteration,0.013025,0.008075
tier_1,22,attn_out,code_switching,-0.00017500000000000003,0.0008500000000000001
tier_1,22,attn_out,standard_translation,4.9999999999999975e-05,0.000975
tier_1,22,attn_out,transliteration,-0.0005499999999999999,0.00135
tier_1,22,mlp_out,code_switching,-0.00075,0.0044
tier_1,22,mlp_out,standard_translation,0.0024,0.002175
tier_1,22,mlp_out,transliteration,0.00145,0.00395
tier_1,22,residual,code_switching,-0.0049250000000000006,0.0181
tier_1,22,residual,standard_translation,0.0076749999999999995,0.0036
tier_1,22,residual,transliteration,0.01585,0.008324999999999999
tier_1,23,attn_out,code_switching,-5e-05,0.0005
tier_1,23,attn_out,standard_translation,0.00035,0.00065
tier_1,23,attn_out,transliteration,0.000175,0.00115
tier_1,23,mlp_out,code_switching,-0.00045,0.003275
tier_1,23,mlp_out,standard_translation,0.0018,0.002025
tier_1,23,mlp_out,transliteration,0.0044,0.003375
tier_1,23,residual,code_switching,-0.003974999999999999,0.017375
tier_1,23,residual,standard_translation,0.0072,0.003525
tier_1,23,residual,transliteration,0.01565,0.008150000000000001
tier_1,24,attn_out,code_switching,0.00017500000000000003,0.000725
tier_1,24,attn_out,standard_translation,0.000225,0.000675
tier_1,24,attn_out,transliteration,0.0029249999999999996,0.002325
tier_1,24,mlp_out,code_switching,-0.0005,0.00195
tier_1,24,mlp_out,standard_translation,-0.00035,0.0017499999999999998
tier_1,24,mlp_out,transliteration,0.003,0.0039
tier_1,24,residual,code_switching,-0.005549999999999999,0.0075250000000000004
tier_1,24,residual,standard_translation,0.0082,0.00395
tier_1,24,residual,transliteration,0.014025,0.007325
tier_1,25,attn_out,code_switching,0.000225,0.000525
tier_1,25,attn_out,standard_translation,0.000175,0.0005499999999999999
tier_1,25,attn_out,transliteration,0.0009,0.002075
tier_1,25,mlp_out,code_switching,-0.0007250000000000001,0.00135
tier_1,25,mlp_out,standard_translation,0.000625,0.0018
tier_1,25,mlp_out,transliteration,-0.000475,0.004325
tier_1,25,residual,code_switching,-0.004325,0.00735
tier_1,25,residual,standard_translation,0.00795,0.003625
tier_1,25,residual,transliteration,0.014075,0.007
tier_1,26,attn_out,code_switching,0.0005,0.000375
tier_1,26,attn_out,standard_translation,0.000375,0.000825
tier_1,26,attn_out,transliteration,0.006325,0.00375
tier_1,26,mlp_out,code_switching,0.0006999999999999999,0.0019
tier_1,26,mlp_out,standard_translation,0.000825,0.00205
tier_1,26,mlp_out,transliteration,-2.4999999999999984e-05,0.0028250000000000003
tier_1,26,residual,code_switching,-0.00505,0.0055
tier_1,26,residual,standard_translation,0.006325,0.00355
tier_1,26,residual,transliteration,0.0104,0.0069
tier_1,27,attn_out,code_switching,0.00015000000000000001,0.0006000000000000001
tier_1,27,attn_out,standard_translation,0.000125,0.00055
tier_1,27,attn_out,transliteration,0.0034000000000000002,0.0017000000000000001
tier_1,27,mlp_out,code_switching,-2.500000000000001e-05,0.001325
tier_1,27,mlp_out,standard_translation,-0.0007,0.001725
tier_1,27,mlp_out,transliteration,0.0064,0.004075
tier_1,27,residual,code_switching,-0.00305,0.005775000000000001
tier_1,27,residual,standard_translation,0.00645,0.003475
tier_1,27,residual,transliteration,0.010225,0.00735
tier_1,28,attn_out,code_switching,1.3552527156068805e-20,0.0005
tier_1,28,attn_out,standard_translation,-0.00017500000000000003,0.000525
tier_1,28,attn_out,transliteration,0.002175,0.001025
tier_1,28,mlp_out,code_switching,-0.00035,0.000975
tier_1,28,mlp_out,standard_translation,0.00039999999999999996,0.002125
tier_1,28,mlp_out,transliteration,0.0016250000000000001,0.005075
tier_1,28,residual,code_switching,-0.00255,0.00465
tier_1,28,residual,standard_translation,0.00535,0.002675
tier_1,28,residual,transliteration,0.008275,0.00765
tier_1,29,attn_out,code_switching,-0.00025,0.000375
tier_1,29,attn_out,standard_translation,-0.000525,0.000475
tier_1,29,attn_out,transliteration,-0.0007749999999999999,0.002675
tier_1,29,mlp_out,code_switching,-0.000375,0.0012749999999999999
tier_1,29,mlp_out,standard_translation,0.00015000000000000001,0.00155
tier_1,29,mlp_out,transliteration,0.006775,0.005475
tier_1,29,residual,code_switching,-0.0006749999999999999,0.0034750000000000002
tier_1,29,residual,standard_translation,0.00345,0.0023
tier_1,29,residual,transliteration,0.00485,0.006699999999999999
tier_1,30,attn_out,code_switching,-4.9999999999999996e-05,0.000175
tier_1,30,attn_out,standard_translation,-4.9999999999999996e-05,0.00039999999999999996
tier_1,30,attn_out,transliteration,0.0028,0.00185
tier_1,30,mlp_out,code_switching,-0.000275,0.00035
tier_1,30,mlp_out,standard_translation,-0.0011,0.000475
tier_1,30,mlp_out,transliteration,-0.0007,0.002
tier_1,30,residual,code_switching,7.500000000000002e-05,0.0011
tier_1,30,residual,standard_translation,0.001475,0.00095
tier_1,30,residual,transliteration,0.0033750000000000004,0.0031249999999999997
tier_1,31,attn_out,code_switching,0.0,0.0
tier_1,31,attn_out,standard_translation,0.0,0.0
tier_1,31,attn_out,transliteration,0.0,0.0
tier_1,31,mlp_out,code_switching,0.0,0.0
tier_1,31,mlp_out,standard_translation,0.0,0.0
tier_1,31,mlp_out,transliteration,0.0,0.0
tier_1,31,residual,code_switching,0.0,0.0
tier_1,31,residual,standard_translation,0.0,0.0
tier_1,31,residual,transliteration,0.0,0.0
tier_2,0,attn_out,code_switching,-0.00465,0.061425
tier_2,0,attn_out,standard_translation,-0.0116,0.0268
tier_2,0,attn_out,transliteration,-0.024725,0.038425
tier_2,0,mlp_out,code_switching,0.0296,0.030025
tier_2,0,mlp_out,standard_translation,-0.004450000000000001,0.051225
tier_2,0,mlp_out,transliteration,0.012374999999999999,0.053275
tier_2,0,residual,code_switching,0.027375,0.055150000000000005
tier_2,0,residual,standard_translation,-0.034899999999999994,0.08135
tier_2,0,residual,transliteration,0.20157499999999998,0.120425
tier_2,1,attn_out,code_switching,0.001425,0.046325
tier_2,1,attn_out,standard_translation,-0.013175000000000001,0.021325
tier_2,1,attn_out,transliteration,-0.0125,0.036875
tier_2,1,mlp_out,code_switching,0.00515,0.053125
tier_2,1,mlp_out,standard_translation,0.0007999999999999995,0.024050000000000002
tier_2,1,mlp_out,transliteration,-0.0143,0.03315
tier_2,1,residual,code_switching,0.029400000000000003,0.076575
tier_2,1,residual,standard_translation,-0.034775,0.07592499999999999
tier_2,1,residual,transliteration,0.0708,0.071675
tier_2,2,attn_out,code_switching,-4.99999999999997e-05,0.025525
tier_2,2,attn_out,standard_translation,-0.001225,0.015825
tier_2,2,attn_out,transliteration,-0.01035,0.024075
tier_2,2,mlp_out,code_switching,0.0352,0.0561
tier_2,2,mlp_out,standard_translation,-0.0049499999999999995,0.0341
tier_2,2,mlp_out,transliteration,-0.013175,0.0362
tier_2,2,residual,code_switching,0.03855,0.081025
tier_2,2,residual,standard_translation,-0.018750000000000003,0.067025
tier_2,2,residual,transliteration,0.066375,0.069675
tier_2,3,attn_out,code_switching,-0.0004999999999999996,0.02895
tier_2,3,attn_out,standard_translation,-0.026875,0.037425
tier_2,3,attn_out,transliteration,-0.01855,0.040850000000000004
tier_2,3,mlp_out,code_switching,0.0151,0.046125
tier_2,3,mlp_out,standard_translation,-0.02845,0.029375
tier_2,3,mlp_out,transliteration,0.010175,0.03845
tier_2,3,residual,code_switching,0.03255,0.084225
tier_2,3,residual,standard_translation,-0.009275000000000002,0.0715
tier_2,3,residual,transliteration,0.076925,0.071625
tier_2,4,attn_out,code_switching,-0.013075,0.020149999999999998
tier_2,4,attn_out,standard_translation,-0.008825,0.021275000000000002
tier_2,4,attn_out,transliteration,0.005325,0.031775
tier_2,4,mlp_out,code_switching,0.002875,0.036425
tier_2,4,mlp_out,standard_translation,-0.027,0.0257
tier_2,4,mlp_out,transliteration,0.01445,0.03585
tier_2,4,residual,code_switching,0.024850000000000004,0.0837
tier_2,4,residual,standard_translation,0.009849999999999998,0.07625
tier_2,4,residual,transliteration,0.096325,0.06895
tier_2,5,attn_out,code_switching,-0.004725,0.01765
tier_2,5,attn_out,standard_translation,-0.019950000000000002,0.019625
tier_2,5,attn_out,transliteration,-0.01225,0.020075
tier_2,5,mlp_out,code_switching,0.008749999999999999,0.0223
tier_2,5,mlp_out,standard_translation,-0.0292,0.033925
tier_2,5,mlp_out,transliteration,0.003875,0.032975000000000004
tier_2,5,residual,code_switching,0.015225000000000002,0.087
tier_2,5,residual,standard_translation,0.012550000000000002,0.08047499999999999
tier_2,5,residual,transliteration,0.08605,0.06765
tier_2,6,attn_out,code_switching,-0.004,0.01695
tier_2,6,attn_out,standard_translation,-0.025900000000000003,0.0242
tier_2,6,attn_out,transliteration,-0.014275,0.0274
tier_2,6,mlp_out,code_switching,0.0028500000000000005,0.022075
tier_2,6,mlp_out,standard_translation,-0.0299,0.028875
tier_2,6,mlp_out,transliteration,0.005899999999999999,0.03215
tier_2,6,residual,code_switching,-0.009225,0.088825
tier_2,6,residual,standard_translation,0.0116,0.085725
tier_2,6,residual,transliteration,0.08777499999999999,0.07135
tier_2,7,attn_out,code_switching,-0.0049,0.0143
tier_2,7,attn_out,standard_translation,-0.009324999999999998,0.01505
tier_2,7,attn_out,transliteration,-0.004175,0.028625
tier_2,7,mlp_out,code_switching,0.0002499999999999998,0.027975
tier_2,7,mlp_out,standard_translation,-0.020475,0.03745
tier_2,7,mlp_out,transliteration,-0.0031000000000000003,0.032525
tier_2,7,residual,code_switching,-0.0119,0.07985
tier_2,7,residual,standard_translation,0.0052749999999999984,0.0771
tier_2,7,residual,transliteration,0.08432500000000001,0.0765
tier_2,8,attn_out,code_switching,-0.00015000000000000007,0.008875000000000001
tier_2,8,attn_out,standard_translation,-0.0299,0.018375
tier_2,8,attn_out,transliteration,0.00465,0.0173
tier_2,8,mlp_out,code_switching,0.001225,0.01375
tier_2,8,mlp_out,standard_translation,-0.021475,0.033525
tier_2,8,mlp_out,transliteration,0.013025,0.014075
tier_2,8,residual,code_switching,-0.029625000000000002,0.07392499999999999
tier_2,8,residual,standard_translation,0.0005999999999999998,0.059425
tier_2,8,residual,transliteration,0.07505,0.076475
tier_2,9,attn_out,code_switching,-0.0056749999999999995,0.01205
tier_2,9,attn_out,standard_translation,-0.015225,0.013175
tier_2,9,attn_out,transliteration,0.004475,0.0118
tier_2,9,mlp_out,code_switching,0.0035,0.01525
tier_2,9,mlp_out,standard_translation,-0.01405,0.0201
tier_2,9,mlp_out,transliteration,0.0009249999999999996,0.02945
tier_2,9,residual,code_switching,-0.025575,0.06267500000000001
tier_2,9,residual,standard_translation,-0.0015250000000000003,0.055125
tier_2,9,residual,transliteration,0.07205,0.0747
tier_2,10,attn_out,code_switching,0.001725,0.0072499999999999995
tier_2,10,attn_out,standard_translation,-0.014624999999999999,0.01435
tier_2,10,attn_out,transliteration,-0.00415,0.015075
tier_2,10,mlp_out,code_switching,0.002275,0.006575
tier_2,10,mlp_out,standard_translation,-0.013949999999999999,0.017525
tier_2,10,mlp_out,transliteration,0.00215,0.025875
tier_2,10,residual,code_switching,-0.0353,0.0556
tier_2,10,residual,standard_translation,-0.002325,0.045225
tier_2,10,residual,transliteration,0.06394999999999999,0.067375
tier_2,11,attn_out,code_switching,0.002825,0.00495
tier_2,11,attn_out,standard_translation,0.0029250000000000005,0.0073
tier_2,11,attn_out,transliteration,0.0017000000000000006,0.017575
tier_2,11,mlp_out,code_switching,0.001575,0.009825
tier_2,11,mlp_out,standard_translation,-0.01115,0.021975
tier_2,11,mlp_out,transliteration,-0.00375,0.02985
tier_2,11,residual,code_switching,-0.036025,0.05345
tier_2,11,residual,standard_translation,-0.0018000000000000004,0.046950000000000006
tier_2,11,residual,transliteration,0.06305,0.06812499999999999
tier_2,12,attn_out,code_switching,0.0007750000000000002,0.00375
tier_2,12,attn_out,standard_translation,0.0062250000000000005,0.009025
tier_2,12,attn_out,transliteration,0.017625,0.01715
tier_2,12,mlp_out,code_switching,-0.003675,0.006149999999999999
tier_2,12,mlp_out,standard_translation,0.003575,0.009850000000000001
tier_2,12,mlp_out,transliteration,0.0002500000000000002,0.020825
tier_2,12,residual,code_switching,-0.022225,0.039099999999999996
tier_2,12,residual,standard_translation,0.011850000000000001,0.03415
tier_2,12,residual,transliteration,0.0555,0.047275
tier_2,13,attn_out,code_switching,0.000825,0.002025
tier_2,13,attn_out,standard_translation,0.0049,0.00375
tier_2,13,attn_out,transliteration,0.003925,0.010199999999999999
tier_2,13,mlp_out,code_switching,0.0009,0.00405
tier_2,13,mlp_out,standard_translation,-0.00365,0.0068249999999999995
tier_2,13,mlp_out,transliteration,0.00575,0.0223
tier_2,13,residual,code_switching,-0.0216,0.0259
tier_2,13,residual,standard_translation,0.0161,0.024550000000000002
tier_2,13,residual,transliteration,0.06219999999999999,0.039575
tier_2,14,attn_out,code_switching,-0.00025,0.002375
tier_2,14,attn_out,standard_translation,0.001975,0.0035
tier_2,14,attn_out,transliteration,0.008425,0.008475
tier_2,14,mlp_out,code_switching,-0.00455,0.006200000000000001
tier_2,14,mlp_out,standard_translation,-0.0074,0.0063
tier_2,14,mlp_out,transliteration,0.008225,0.011725
tier_2,14,residual,code_switching,-0.018825,0.022350000000000002
tier_2,14,residual,standard_translation,0.018525,0.0157
tier_2,14,residual,transliteration,0.054875,0.039825
tier_2,15,attn_out,code_switching,0.000175,0.00135
tier_2,15,attn_out,standard_translation,0.001475,0.0037999999999999996
tier_2,15,attn_out,transliteration,0.0007,0.00645
tier_2,15,mlp_out,code_switching,-0.0046,0.005724999999999999
tier_2,15,mlp_out,standard_translation,-0.00655,0.007475
tier_2,15,mlp_out,transliteration,-0.010925,0.01425
tier_2,15,residual,code_switching,-0.014475000000000002,0.01865
tier_2,15,residual,standard_translation,0.011824999999999999,0.012625
tier_2,15,residual,transliteration,0.047799999999999995,0.03465
tier_2,16,attn_out,code_switching,0.0024,0.002825
tier_2,16,attn_out,standard_translation,-0.000525,0.0032500000000000003
tier_2,16,attn_out,transliteration,0.004699999999999999,0.00625
tier_2,16,mlp_out,code_switching,-0.00047499999999999994,0.00455
tier_2,16,mlp_out,standard_translation,-0.00435,0.005375
tier_2,16,mlp_out,transliteration,0.005125000000000001,0.011575
tier_2,16,residual,code_switching,-0.007375,0.014075
tier_2,16,residual,standard_translation,0.015224999999999999,0.01245
tier_2,16,residual,transliteration,0.045375,0.027125000000000003
tier_2,17,attn_out,code_switching,-0.00055,0.00095
tier_2,17,attn_out,standard_translation,0.0005,0.002
tier_2,17,attn_out,transliteration,0.006625000000000001,0.0027
tier_2,17,mlp_out,code_switching,-2.4999999999999998e-05,0.001425
tier_2,17,mlp_out,standard_translation,0.0013750000000000001,0.00485
tier_2,17,mlp_out,transliteration,0.0052,0.00705
tier_2,17,residual,code_switching,-0.009675,0.012499999999999999
tier_2,17,residual,standard_translation,0.011225,0.009925
tier_2,17,residual,transliteration,0.0457,0.023674999999999998
tier_2,18,attn_out,code_switching,-5e-05,0.0007750000000000001
tier_2,18,attn_out,standard_translation,-0.00095,0.0014
tier_2,18,attn_out,transliteration,0.002225,0.004
tier_2,18,mlp_out,code_switching,-0.0006000000000000001,0.001775
tier_2,18,mlp_out,standard_translation,-7.500000000000003e-05,0.00335
tier_2,18,mlp_out,transliteration,0.004,0.0058
tier_2,18,residual,code_switching,-0.011224999999999999,0.013875
tier_2,18,residual,standard_translation,0.0073999999999999995,0.008875000000000001
tier_2,18,residual,transliteration,0.035675,0.019775
tier_2,19,attn_out,code_switching,0.00017499999999999997,0.000575
tier_2,19,attn_out,standard_translation,0.000675,0.0009
tier_2,19,attn_out,transliteration,0.001075,0.0019500000000000001
tier_2,19,mlp_out,code_switching,-0.00165,0.002725
tier_2,19,mlp_out,standard_translation,-0.001125,0.0019249999999999998
tier_2,19,mlp_out,transliteration,-0.00445,0.007375
tier_2,19,residual,code_switching,-0.01115,0.01455
tier_2,19,residual,standard_translation,0.007075,0.00925
tier_2,19,residual,transliteration,0.0348,0.019825000000000002
tier_2,20,attn_out,code_switching,7.500000000000001e-05,0.000725
tier_2,20,attn_out,standard_translation,-0.00015000000000000001,0.000775
tier_2,20,attn_out,transliteration,0.00445,0.0033
tier_2,20,mlp_out,code_switching,0.000775,0.003175
tier_2,20,mlp_out,standard_translation,-0.000525,0.0026
tier_2,20,mlp_out,transliteration,0.010425,0.00895
tier_2,20,residual,code_switching,-0.01035,0.013925
tier_2,20,residual,standard_translation,0.0088,0.009325
tier_2,20,residual,transliteration,0.03435,0.019174999999999998
tier_2,21,attn_out,code_switching,4.9999999999999996e-05,0.00095
tier_2,21,attn_out,standard_translation,-0.0007250000000000001,0.00125
tier_2,21,attn_out,transliteration,-0.000325,0.0019500000000000001
tier_2,21,mlp_out,code_switching,-0.0006,0.0017
tier_2,21,mlp_out,standard_translation,-0.0017749999999999999,0.001625
tier_2,21,mlp_out,transliteration,0.0104,0.006675
tier_2,21,residual,code_switching,-0.00955,0.01345
tier_2,21,residual,standard_translation,0.005275,0.010825
tier_2,21,residual,transliteration,0.03275,0.019575000000000002
tier_2,22,attn_out,code_switching,2.500000000000001e-05,0.0007
tier_2,22,attn_out,standard_translation,-0.00027499999999999996,0.000875
tier_2,22,attn_out,transliteration,-0.0010249999999999999,0.0016749999999999998
tier_2,22,mlp_out,code_switching,0.001025,0.001725
tier_2,22,mlp_out,standard_translation,0.001,0.003325
tier_2,22,mlp_out,transliteration,0.007899999999999999,0.004675
tier_2,22,residual,code_switching,-0.0095,0.012975
tier_2,22,residual,standard_translation,0.005575,0.011625
tier_2,22,residual,transliteration,0.033125,0.017725
tier_2,23,attn_out,code_switching,-4.999999999999998e-05,0.00055
tier_2,23,attn_out,standard_translation,0.000525,0.000675
tier_2,23,attn_out,transliteration,0.00020000000000000004,0.00095
tier_2,23,mlp_out,code_switching,-0.00125,0.0018499999999999999
tier_2,23,mlp_out,standard_translation,0.002675,0.0022
tier_2,23,mlp_out,transliteration,0.0034,0.0045
tier_2,23,residual,code_switching,-0.009,0.012025000000000001
tier_2,23,residual,standard_translation,0.0046,0.013975
tier_2,23,residual,transliteration,0.0315,0.016774999999999998
tier_2,24,attn_out,code_switching,0.00020000000000000004,0.00065
tier_2,24,attn_out,standard_translation,-0.00025,0.000725
tier_2,24,attn_out,transliteration,0.0027,0.003675
tier_2,24,mlp_out,code_switching,0.0010999999999999998,0.002375
tier_2,24,mlp_out,standard_translation,0.0012000000000000001,0.001725
tier_2,24,mlp_out,transliteration,0.008525,0.003525
tier_2,24,residual,code_switching,-0.00615,0.009875
tier_2,24,residual,standard_translation,0.0085,0.0085
tier_2,24,residual,transliteration,0.028525,0.014975
tier_2,25,attn_out,code_switching,2.4999999999999984e-05,0.00065
tier_2,25,attn_out,standard_translation,0.000525,0.000475
tier_2,25,attn_out,transliteration,0.00415,0.0025250000000000003
tier_2,25,mlp_out,code_switching,5.000000000000002e-05,0.0020499999999999997
tier_2,25,mlp_out,standard_translation,-0.0015500000000000002,0.002425
tier_2,25,mlp_out,transliteration,0.000975,0.00515
tier_2,25,residual,code_switching,-0.0046,0.0088
tier_2,25,residual,standard_translation,0.007975,0.00825
tier_2,25,residual,transliteration,0.028825000000000003,0.013975
tier_2,26,attn_out,code_switching,0.000925,0.00075
tier_2,26,attn_out,standard_translation,0.0006999999999999999,0.00105
tier_2,26,attn_out,transliteration,0.0046,0.00305
tier_2,26,mlp_out,code_switching,0.000675,0.0020499999999999997
tier_2,26,mlp_out,standard_translation,0.00195,0.0028250000000000003
tier_2,26,mlp_out,transliteration,0.0009249999999999998,0.005525
tier_2,26,residual,code_switching,-0.0048000000000000004,0.006125
tier_2,26,residual,standard_translation,0.0036499999999999996,0.007325
tier_2,26,residual,transliteration,0.027875,0.012575000000000001
tier_2,27,attn_out,code_switching,-7.5e-05,0.00047499999999999994
tier_2,27,attn_out,standard_translation,-4.999999999999998e-05,0.0008500000000000001
tier_2,27,attn_out,transliteration,0.0026750000000000003,0.0023499999999999997
tier_2,27,mlp_out,code_switching,0.0007,0.001775
tier_2,27,mlp_out,standard_translation,-0.0007,0.00245
tier_2,27,mlp_out,transliteration,0.0091,0.003825
tier_2,27,residual,code_switching,-0.00185,0.0051
tier_2,27,residual,standard_translation,0.005275,0.006699999999999999
tier_2,27,residual,transliteration,0.023225,0.011825
tier_2,28,attn_out,code_switching,-7.5e-05,0.00055
tier_2,28,attn_out,standard_translation,-0.00055,0.000575
tier_2,28,attn_out,transliteration,0.002075,0.002275
tier_2,28,mlp_out,code_switching,9.999999999999999e-05,0.00215
tier_2,28,mlp_out,standard_translation,0.00045,0.0025
tier_2,28,mlp_out,transliteration,0.011075,0.005475
tier_2,28,residual,code_switching,-0.0025,0.0048000000000000004
tier_2,28,residual,standard_translation,0.005425,0.003175
tier_2,28,residual,transliteration,0.021925,0.010225
tier_2,29,attn_out,code_switching,0.000125,0.0007250000000000001
tier_2,29,attn_out,standard_translation,-9.999999999999996e-05,0.000775
tier_2,29,attn_out,transliteration,4.9999999999999914e-05,0.003825
tier_2,29,mlp_out,code_switching,0.0012749999999999999,0.0027749999999999997
tier_2,29,mlp_out,standard_translation,-0.0007,0.001625
tier_2,29,mlp_out,transliteration,0.004025,0.0053
tier_2,29,residual,code_switching,-0.003175,0.0034000000000000002
tier_2,29,residual,standard_translation,0.0033,0.0028
tier_2,29,residual,transliteration,0.01295,0.008225
tier_2,30,attn_out,code_switching,0.000225,0.000275
tier_2,30,attn_out,standard_translation,-2.499999999999999e-05,0.000225
tier_2,30,attn_out,transliteration,0.003725,0.001825
tier_2,30,mlp_out,code_switching,-0.00027499999999999996,0.000675
tier_2,30,mlp_out,standard_translation,-0.0013,0.0007999999999999999
tier_2,30,mlp_out,transliteration,7.500000000000001e-05,0.0019749999999999998
tier_2,30,residual,code_switching,0.00027499999999999996,0.00155
tier_2,30,residual,standard_translation,0.000625,0.0013
tier_2,30,residual,transliteration,0.0051,0.00255
tier_2,31,attn_out,code_switching,0.0,0.0
tier_2,31,attn_out,standard_translation,0.0,0.0
tier_2,31,attn_out,transliteration,0.0,0.0
tier_2,31,mlp_out,code_switching,0.0,0.0
tier_2,31,mlp_out,standard_translation,0.0,0.0
tier_2,31,mlp_out,transliteration,0.0,0.0
tier_2,31,residual,code_switching,0.0,0.0
tier_2,31,residual,standard_translation,0.0,0.0
tier_2,31,residual,transliteration,0.0,0.0
tier_3,0,attn_out,code_switching,0.010125,0.0443
tier_3,0,attn_out,standard_translation,0.019200000000000002,0.0509
tier_3,0,attn_out,transliteration,0.026125,0.01725
tier_3,0,mlp_out,code_switching,0.0462,0.0576
tier_3,0,mlp_out,standard_translation,0.0336,0.059875
tier_3,0,mlp_out,transliteration,0.060524999999999995,0.05335
tier_3,0,residual,code_switching,0.060075,0.056100000000000004
tier_3,0,residual,standard_translation,0.0604,0.086925
tier_3,0,residual,transliteration,0.14085,0.08455
tier_3,1,attn_out,code_switching,0.018949999999999998,0.028450000000000003
tier_3,1,attn_out,standard_translation,0.010325,0.041249999999999995
tier_3,1,attn_out,transliteration,-0.0008999999999999995,0.0299
tier_3,1,mlp_out,code_switching,0.017025,0.04095
tier_3,1,mlp_out,standard_translation,-0.012924999999999999,0.050925
tier_3,1,mlp_out,transliteration,0.040225000000000004,0.054224999999999995
tier_3,1,residual,code_switching,0.072725,0.0702
tier_3,1,residual,standard_translation,0.054825,0.077275
tier_3,1,residual,transliteration,0.116975,0.072525
tier_3,2,attn_out,code_switching,0.009775,0.016274999999999998
tier_3,2,attn_out,standard_translation,-0.0018249999999999998,0.033375
tier_3,2,attn_out,transliteration,-0.00065,0.01465
tier_3,2,mlp_out,code_switching,0.04665,0.051100000000000007
tier_3,2,mlp_out,standard_translation,-0.005575,0.038974999999999996
tier_3,2,mlp_out,transliteration,0.044325,0.0492
tier_3,2,residual,code_switching,0.073575,0.074625
tier_3,2,residual,standard_translation,0.050475,0.077275
tier_3,2,residual,transliteration,0.11775,0.07189999999999999
tier_3,3,attn_out,code_switching,0.007449999999999999,0.0224
tier_3,3,attn_out,standard_translation,0.01795,0.056425
tier_3,3,attn_out,transliteration,0.020800000000000003,0.06407500000000001
tier_3,3,mlp_out,code_switching,0.019350000000000003,0.037575000000000004
tier_3,3,mlp_out,standard_translation,-0.02155,0.061625
tier_3,3,mlp_out,transliteration,0.039474999999999996,0.039475
tier_3,3,residual,code_switching,0.072775,0.08745
tier_3,3,residual,standard_translation,0.033875,0.09765
tier_3,3,residual,transliteration,0.09475,0.068875
tier_3,4,attn_out,code_switching,0.01175,0.019775
tier_3,4,attn_out,standard_translation,-0.0021249999999999993,0.0465
tier_3,4,attn_out,transliteration,0.013675,0.017475
tier_3,4,mlp_out,code_switching,0.0064,0.048275
tier_3,4,mlp_out,standard_translation,-0.020575,0.055175
tier_3,4,mlp_out,transliteration,0.031925,0.02845
tier_3,4,residual,code_switching,0.05685,0.08785
tier_3,4,residual,standard_translation,0.046924999999999994,0.1026
tier_3,4,residual,transliteration,0.0825,0.058325
tier_3,5,attn_out,code_switching,0.005200000000000001,0.02
tier_3,5,attn_out,standard_translation,-0.004000000000000001,0.0353
tier_3,5,attn_out,transliteration,0.00415,0.01795
tier_3,5,mlp_out,code_switching,0.022775,0.04405
tier_3,5,mlp_out,standard_translation,-0.024050000000000002,0.04505
tier_3,5,mlp_out,transliteration,0.034375,0.028825
tier_3,5,residual,code_switching,0.049275,0.086175
tier_3,5,residual,standard_translation,0.041575,0.09469999999999999
tier_3,5,residual,transliteration,0.0784,0.055850000000000004
tier_3,6,attn_out,code_switching,-0.0005,0.016274999999999998
tier_3,6,attn_out,standard_translation,-0.00525,0.037875
tier_3,6,attn_out,transliteration,0.0076,0.019674999999999998
tier_3,6,mlp_out,code_switching,0.014325000000000001,0.024575
tier_3,6,mlp_out,standard_translation,-0.020125,0.064625
tier_3,6,mlp_out,transliteration,0.023125,0.0235
tier_3,6,residual,code_switching,0.019725,0.06997500000000001
tier_3,6,residual,standard_translation,0.029875,0.091575
tier_3,6,residual,transliteration,0.076375,0.053125000000000006
tier_3,7,attn_out,code_switching,-0.002875,0.022125
tier_3,7,attn_out,standard_translation,0.004475,0.027075000000000002
tier_3,7,attn_out,transliteration,0.0026499999999999996,0.01475
tier_3,7,mlp_out,code_switching,0.002275,0.0276
tier_3,7,mlp_out,standard_translation,-0.02875,0.068675
tier_3,7,mlp_out,transliteration,0.012650000000000002,0.0249
tier_3,7,residual,code_switching,-0.0004249999999999994,0.060200000000000004
tier_3,7,residual,standard_translation,0.019350000000000003,0.08330000000000001
tier_3,7,residual,transliteration,0.073375,0.0506
tier_3,8,attn_out,code_switching,-0.0006249999999999999,0.008875
tier_3,8,attn_out,standard_translation,-0.01235,0.022074999999999997
tier_3,8,attn_out,transliteration,0.002125,0.014875000000000001
tier_3,8,mlp_out,code_switching,-0.0022249999999999995,0.016475
tier_3,8,mlp_out,standard_translation,0.0018999999999999998,0.034175000000000004
tier_3,8,mlp_out,transliteration,0.005875,0.014425
tier_3,8,residual,code_switching,-0.028024999999999998,0.05955
tier_3,8,residual,standard_translation,0.020775000000000002,0.071875
tier_3,8,residual,transliteration,0.064725,0.04855
tier_3,9,attn_out,code_switching,-0.004974999999999999,0.00975
tier_3,9,attn_out,standard_translation,-0.0086,0.02135
tier_3,9,attn_out,transliteration,0.0038,0.011550000000000001
tier_3,9,mlp_out,code_switching,0.00405,0.0109
tier_3,9,mlp_out,standard_translation,-0.020975,0.0337
tier_3,9,mlp_out,transliteration,0.00965,0.0175
tier_3,9,residual,code_switching,-0.030324999999999998,0.052525
tier_3,9,residual,standard_translation,0.010525,0.069275
tier_3,9,residual,transliteration,0.0722,0.04315
tier_3,10,attn_out,code_switching,0.0010249999999999999,0.0056749999999999995
tier_3,10,attn_out,standard_translation,-0.0065249999999999996,0.018775
tier_3,10,attn_out,transliteration,0.003275,0.013175
tier_3,10,mlp_out,code_switching,-0.00039999999999999996,0.009899999999999999
tier_3,10,mlp_out,standard_translation,-0.015099999999999999,0.01945
tier_3,10,mlp_out,transliteration,0.007625,0.021675
tier_3,10,residual,code_switching,-0.040425,0.05215
tier_3,10,residual,standard_translation,0.004475,0.057124999999999995
tier_3,10,residual,transliteration,0.07285,0.0436
tier_3,11,attn_out,code_switching,4.9999999999999914e-05,0.007274999999999999
tier_3,11,attn_out,standard_translation,0.011000000000000001,0.0152
tier_3,11,attn_out,transliteration,0.00475,0.0121
tier_3,11,mlp_out,code_switching,-0.006175,0.01545
tier_3,11,mlp_out,standard_translation,0.0013249999999999998,0.019775
tier_3,11,mlp_out,transliteration,0.016725,0.0206
tier_3,11,residual,code_switching,-0.038474999999999995,0.050475
tier_3,11,residual,standard_translation,0.0009999999999999974,0.055625
tier_3,11,residual,transliteration,0.069925,0.046925
tier_3,12,attn_out,code_switching,0.00125,0.007775
tier_3,12,attn_out,standard_translation,0.012025000000000001,0.0111
tier_3,12,attn_out,transliteration,0.005075,0.0114
tier_3,12,mlp_out,code_switching,-0.005050000000000001,0.00915
tier_3,12,mlp_out,standard_translation,0.004775,0.0167
tier_3,12,mlp_out,transliteration,0.0162,0.01755
tier_3,12,residual,code_switching,-0.026299999999999997,0.046525
tier_3,12,residual,standard_translation,0.010849999999999999,0.040075
tier_3,12,residual,transliteration,0.07675,0.038175
tier_3,13,attn_out,code_switching,0.0007250000000000001,0.002225
tier_3,13,attn_out,standard_translation,0.0079,0.0060750000000000005
tier_3,13,attn_out,transliteration,0.0045000000000000005,0.00595
tier_3,13,mlp_out,code_switching,-0.001225,0.0073
tier_3,13,mlp_out,standard_translation,0.004875,0.010575
tier_3,13,mlp_out,transliteration,0.005425,0.011574999999999998
tier_3,13,residual,code_switching,-0.025125,0.0408
tier_3,13,residual,standard_translation,0.016649999999999998,0.03165
tier_3,13,residual,transliteration,0.073175,0.034725
tier_3,14,attn_out,code_switching,-0.001525,0.003175
tier_3,14,attn_out,standard_translation,0.00595,0.005725
tier_3,14,attn_out,transliteration,0.010275,0.004625
tier_3,14,mlp_out,code_switching,-0.0062,0.0094
tier_3,14,mlp_out,standard_translation,0.003525,0.007725
tier_3,14,mlp_out,transliteration,0.007525,0.0126
tier_3,14,residual,code_switching,-0.018799999999999997,0.03665
tier_3,14,residual,standard_translation,0.022574999999999998,0.0283
tier_3,14,residual,transliteration,0.06822500000000001,0.03115
tier_3,15,attn_out,code_switching,-0.0013,0.002375
tier_3,15,attn_out,standard_translation,0.00215,0.00395
tier_3,15,attn_out,transliteration,0.0012749999999999997,0.006350000000000001
tier_3,15,mlp_out,code_switching,-0.004025,0.003925
tier_3,15,mlp_out,standard_translation,-0.00725,0.009425000000000001
tier_3,15,mlp_out,transliteration,-0.00585,0.0121
tier_3,15,residual,code_switching,-0.013075,0.024974999999999997
tier_3,15,residual,standard_translation,0.017275000000000002,0.024225
tier_3,15,residual,transliteration,0.05715,0.0278
tier_3,16,attn_out,code_switching,0.0002500000000000001,0.005925
tier_3,16,attn_out,standard_translation,0.0012000000000000001,0.00365
tier_3,16,attn_out,transliteration,0.010725,0.008025
tier_3,16,mlp_out,code_switching,0.003075,0.007275
tier_3,16,mlp_out,standard_translation,-0.005175,0.00455
tier_3,16,mlp_out,transliteration,0.001075,0.01015
tier_3,16,residual,code_switching,-0.010025000000000001,0.024625
tier_3,16,residual,standard_translation,0.0145,0.02535
tier_3,16,residual,transliteration,0.054650000000000004,0.026775
tier_3,17,attn_out,code_switching,-0.00095,0.002825
tier_3,17,attn_out,standard_translation,-0.00145,0.002875
tier_3,17,attn_out,transliteration,0.0078,0.0056
tier_3,17,mlp_out,code_switching,-0.0028,0.004925
tier_3,17,mlp_out,standard_translation,-0.003175,0.006175
tier_3,17,mlp_out,transliteration,0.005725,0.00765
tier_3,17,residual,code_switching,-0.0092,0.016325
tier_3,17,residual,standard_translation,0.011025,0.021175
tier_3,17,residual,transliteration,0.0453,0.022975
tier_3,18,attn_out,code_switching,-0.000825,0.001
tier_3,18,attn_out,standard_translation,-0.0007,0.0016749999999999998
tier_3,18,attn_out,transliteration,0.000675,0.00295
tier_3,18,mlp_out,code_switching,9.999999999999994e-05,0.004175
tier_3,18,mlp_out,standard_translation,-0.0009999999999999998,0.0037
tier_3,18,mlp_out,transliteration,0.00175,0.0060750000000000005
tier_3,18,residual,code_switching,-0.0088,0.0138
tier_3,18,residual,standard_translation,0.01,0.02015
tier_3,18,residual,transliteration,0.03495,0.020225
tier_3,19,attn_out,code_switching,5.000000000000001e-05,0.0006000000000000001
tier_3,19,attn_out,standard_translation,-0.00025,0.001725
tier_3,19,attn_out,transliteration,0.00195,0.002425
tier_3,19,mlp_out,code_switching,-0.001375,0.00285
tier_3,19,mlp_out,standard_translation,-0.0026,0.004125
tier_3,19,mlp_out,transliteration,-0.0014749999999999997,0.005425
tier_3,19,residual,code_switching,-0.008199999999999999,0.013525
tier_3,19,residual,standard_translation,0.010675,0.019450000000000002
tier_3,19,residual,transliteration,0.033275,0.02055
tier_3,20,attn_out,code_switching,-0.0002,0.001025
tier_3,20,attn_out,standard_translation,0.0007750000000000001,0.003
tier_3,20,attn_out,transliteration,-0.000375,0.002125
tier_3,20,mlp_out,code_switching,1.3552527156068805e-20,0.0027749999999999997
tier_3,20,mlp_out,standard_translation,0.001425,0.003725
tier_3,20,mlp_out,transliteration,0.0109,0.005875
tier_3,20,residual,code_switching,-0.009049999999999999,0.012875000000000001
tier_3,20,residual,standard_translation,0.011175,0.019225
tier_3,20,residual,transliteration,0.03375,0.01925
tier_3,21,attn_out,code_switching,-0.00035000000000000005,0.001375
tier_3,21,attn_out,standard_translation,-0.0013,0.0017499999999999998
tier_3,21,attn_out,transliteration,-0.002225,0.0038
tier_3,21,mlp_out,code_switching,0.000875,0.003025
tier_3,21,mlp_out,standard_translation,-0.001925,0.004875
tier_3,21,mlp_out,transliteration,0.001475,0.003975
tier_3,21,residual,code_switching,-0.00845,0.012750000000000001
tier_3,21,residual,standard_translation,0.010924999999999999,0.018875
tier_3,21,residual,transliteration,0.029775,0.01735
tier_3,22,attn_out,code_switching,-0.0005250000000000001,0.0008750000000000001
tier_3,22,attn_out,standard_translation,2.500000000000001e-05,0.001675
tier_3,22,attn_out,transliteration,-0.00055,0.0014249999999999998
tier_3,22,mlp_out,code_switching,-0.000625,0.00295
tier_3,22,mlp_out,standard_translation,0.002675,0.005
tier_3,22,mlp_out,transliteration,0.003425,0.005075
tier_3,22,residual,code_switching,-0.0076,0.011425000000000001
tier_3,22,residual,standard_translation,0.00955,0.0183
tier_3,22,residual,transliteration,0.031675,0.01805
tier_3,23,attn_out,code_switching,-0.00027499999999999996,0.00075
tier_3,23,attn_out,standard_translation,-0.00017500000000000003,0.00065
tier_3,23,attn_out,transliteration,-0.0007,0.0019249999999999998
tier_3,23,mlp_out,code_switching,-0.001375,0.002175
tier_3,23,mlp_out,standard_translation,0.00075,0.004025
tier_3,23,mlp_out,transliteration,0.004375,0.00435
tier_3,23,residual,code_switching,-0.00755,0.0115
tier_3,23,residual,standard_translation,0.008525,0.01755
tier_3,23,residual,transliteration,0.03065,0.01615
tier_3,24,attn_out,code_switching,4.999999999999997e-05,0.0012
tier_3,24,attn_out,standard_translation,0.0011,0.0014999999999999998
tier_3,24,attn_out,transliteration,0.0049,0.003025
tier_3,24,mlp_out,code_switching,-0.00125,0.001725
tier_3,24,mlp_out,standard_translation,2.500000000000001e-05,0.002975
tier_3,24,mlp_out,transliteration,0.002525,0.0049
tier_3,24,residual,code_switching,-0.005025,0.0068000000000000005
tier_3,24,residual,standard_translation,0.0133,0.012525
tier_3,24,residual,transliteration,0.0264,0.013625
tier_3,25,attn_out,code_switching,-0.0004,0.000525
tier_3,25,attn_out,standard_translation,0.0006249999999999999,0.0009
tier_3,25,attn_out,transliteration,0.00055,0.00245
tier_3,25,mlp_out,code_switching,0.00025,0.001575
tier_3,25,mlp_out,standard_translation,-0.000725,0.0026
tier_3,25,mlp_out,transliteration,-0.0007749999999999999,0.003325
tier_3,25,residual,code_switching,-0.004325,0.0068000000000000005
tier_3,25,residual,standard_translation,0.013975,0.011375
tier_3,25,residual,transliteration,0.025675,0.012775
tier_3,26,attn_out,code_switching,-0.00055,0.000875
tier_3,26,attn_out,standard_translation,-0.0014500000000000001,0.001575
tier_3,26,attn_out,transliteration,0.00595,0.004
tier_3,26,mlp_out,code_switching,-0.00039999999999999996,0.0023
tier_3,26,mlp_out,standard_translation,-0.0005749999999999999,0.003075
tier_3,26,mlp_out,transliteration,0.0037,0.004425
tier_3,26,residual,code_switching,-0.005325,0.006625
tier_3,26,residual,standard_translation,0.012125,0.010525
tier_3,26,residual,transliteration,0.01835,0.01065
tier_3,27,attn_out,code_switching,-4.999999999999998e-05,0.00045
tier_3,27,attn_out,standard_translation,0.00085,0.0007250000000000001
tier_3,27,attn_out,transliteration,0.003325,0.00255
tier_3,27,mlp_out,code_switching,-0.0001249999999999999,0.001925
tier_3,27,mlp_out,standard_translation,-0.004575,0.0035
tier_3,27,mlp_out,transliteration,0.006225,0.004625
tier_3,27,residual,code_switching,-0.0030499999999999998,0.005975
tier_3,27,residual,standard_translation,0.014775,0.0113
tier_3,27,residual,transliteration,0.016225,0.010475
tier_3,28,attn_out,code_switching,-7.500000000000001e-05,0.00055
tier_3,28,attn_out,standard_translation,-0.00055,0.000575
tier_3,28,attn_out,transliteration,0.0016749999999999998,0.00225
tier_3,28,mlp_out,code_switching,-0.000925,0.001725
tier_3,28,mlp_out,standard_translation,2.4999999999999876e-05,0.0028
tier_3,28,mlp_out,transliteration,-0.0007250000000000001,0.0055
tier_3,28,residual,code_switching,-0.002675,0.0062
tier_3,28,residual,standard_translation,0.012674999999999999,0.010125
tier_3,28,residual,transliteration,0.01095,0.0079
tier_3,29,attn_out,code_switching,-0.000625,0.000675
tier_3,29,attn_out,standard_translation,-0.0004,0.0015500000000000002
tier_3,29,attn_out,transliteration,-0.0005499999999999999,0.001775
tier_3,29,mlp_out,code_switching,0.00135,0.002625
tier_3,29,mlp_out,standard_translation,-0.0017499999999999998,0.003725
tier_3,29,mlp_out,transliteration,0.01335,0.00475
tier_3,29,residual,code_switching,-0.00275,0.0044
tier_3,29,residual,standard_translation,0.010875000000000001,0.0089
tier_3,29,residual,transliteration,0.00955,0.00635
tier_3,30,attn_out,code_switching,0.00012499999999999995,0.00037499999999999995
tier_3,30,attn_out,standard_translation,9.999999999999999e-05,0.000775
tier_3,30,attn_out,transliteration,0.002725,0.000925
tier_3,30,mlp_out,code_switching,-0.00039999999999999996,0.0006
tier_3,30,mlp_out,standard_translation,-0.00165,0.001225
tier_3,30,mlp_out,transliteration,-0.000425,0.002725
tier_3,30,residual,code_switching,0.000425,0.001325
tier_3,30,residual,standard_translation,0.0033,0.0028
tier_3,30,residual,transliteration,0.0028,0.00175
tier_3,31,attn_out,code_switching,0.0,0.0
tier_3,31,attn_out,standard_translation,0.0,0.0
tier_3,31,attn_out,transliteration,0.0,0.0
tier_3,31,mlp_out,code_switching,0.0,0.0
tier_3,31,mlp_out,standard_translation,0.0,0.0
tier_3,31,mlp_out,transliteration,0.0,0.0
tier_3,31,residual,code_switching,0.0,0.0
tier_3,31,residual,standard_translation,0.0,0.0
tier_3,31,residual,transliteration,0.0,0.0
tier_4,0,attn_out,code_switching,0.0037999999999999996,0.052324999999999997
tier_4,0,attn_out,standard_translation,0.01615,0.041925000000000004
tier_4,0,attn_out,transliteration,0.00605,0.0242
tier_4,0,mlp_out,code_switching,0.013875,0.0588
tier_4,0,mlp_out,standard_translation,0.03175,0.06332499999999999
tier_4,0,mlp_out,transliteration,0.0085,0.021725
tier_4,0,residual,code_switching,0.0176,0.084325
tier_4,0,residual,standard_translation,0.057325,0.079175
tier_4,0,residual,transliteration,0.005849999999999999,0.028325
tier_4,1,attn_out,code_switching,0.014125,0.038575
tier_4,1,attn_out,standard_translation,0.014025,0.030600000000000002
tier_4,1,attn_out,transliteration,0.0016750000000000005,0.015099999999999999
tier_4,1,mlp_out,code_switching,0.012875,0.045450000000000004
tier_4,1,mlp_out,standard_translation,0.0182,0.038275
tier_4,1,mlp_out,transliteration,0.007675,0.0172
tier_4,1,residual,code_switching,0.025425,0.09915
tier_4,1,residual,standard_translation,0.051775,0.061975
tier_4,1,residual,transliteration,0.008025000000000001,0.020575000000000003
tier_4,2,attn_out,code_switching,0.0012749999999999997,0.035949999999999996
tier_4,2,attn_out,standard_translation,0.0049499999999999995,0.020075
tier_4,2,attn_out,transliteration,-0.00095,0.00465
tier_4,2,mlp_out,code_switching,0.003349999999999999,0.0554
tier_4,2,mlp_out,standard_translation,0.030575,0.045925
tier_4,2,mlp_out,transliteration,0.0009000000000000003,0.017925
tier_4,2,residual,code_switching,0.02185,0.090375
tier_4,2,residual,standard_translation,0.043925000000000006,0.060425000000000006
tier_4,2,residual,transliteration,0.008725,0.020025
tier_4,3,attn_out,code_switching,0.01445,0.038849999999999996
tier_4,3,attn_out,standard_translation,0.013075,0.03275
tier_4,3,attn_out,transliteration,-0.008375,0.0217
tier_4,3,mlp_out,code_switching,0.0091,0.038349999999999995
tier_4,3,mlp_out,standard_translation,0.0316,0.045425
tier_4,3,mlp_out,transliteration,-0.0059,0.017099999999999997
tier_4,3,residual,code_switching,0.04355,0.11215
tier_4,3,residual,standard_translation,0.03785,0.0816
tier_4,3,residual,transliteration,0.008400000000000001,0.019875
tier_4,4,attn_out,code_switching,0.00605,0.028300000000000002
tier_4,4,attn_out,standard_translation,0.0045000000000000005,0.020525
tier_4,4,attn_out,transliteration,0.00215,0.0049499999999999995
tier_4,4,mlp_out,code_switching,-0.004499999999999999,0.04655
tier_4,4,mlp_out,standard_translation,0.022925,0.04055
tier_4,4,mlp_out,transliteration,0.0008749999999999997,0.015125
tier_4,4,residual,code_switching,0.03745,0.1142
tier_4,4,residual,standard_translation,0.029324999999999997,0.078
tier_4,4,residual,transliteration,0.017675,0.024525
tier_4,5,attn_out,code_switching,0.004725,0.018275
tier_4,5,attn_out,standard_translation,0.007625,0.010675
tier_4,5,attn_out,transliteration,0.0013750000000000001,0.006825
tier_4,5,mlp_out,code_switching,-0.001599999999999999,0.045024999999999996
tier_4,5,mlp_out,standard_translation,0.0176,0.030275
tier_4,5,mlp_out,transliteration,0.005999999999999999,0.013625
tier_4,5,residual,code_switching,0.04665,0.1206
tier_4,5,residual,standard_translation,0.0303,0.07875
tier_4,5,residual,transliteration,0.020575000000000003,0.026375
tier_4,6,attn_out,code_switching,0.00014999999999999996,0.01795
tier_4,6,attn_out,standard_translation,0.0018500000000000003,0.01525
tier_4,6,attn_out,transliteration,-0.002775,0.005725
tier_4,6,mlp_out,code_switching,0.024974999999999997,0.02665
tier_4,6,mlp_out,standard_translation,0.00995,0.0207
tier_4,6,mlp_out,transliteration,-0.006324999999999999,0.015349999999999999
tier_4,6,residual,code_switching,0.013775000000000003,0.105475
tier_4,6,residual,standard_translation,0.009874999999999998,0.085325
tier_4,6,residual,transliteration,0.021775000000000003,0.02795
tier_4,7,attn_out,code_switching,0.0011750000000000003,0.021825
tier_4,7,attn_out,standard_translation,0.0003749999999999999,0.009000000000000001
tier_4,7,attn_out,transliteration,-0.0020250000000000003,0.0075250000000000004
tier_4,7,mlp_out,code_switching,-0.010099999999999998,0.033049999999999996
tier_4,7,mlp_out,standard_translation,0.0022749999999999997,0.01865
tier_4,7,mlp_out,transliteration,0.0045249999999999995,0.0097
tier_4,7,residual,code_switching,0.0138,0.1124
tier_4,7,residual,standard_translation,0.0029250000000000005,0.0833
tier_4,7,residual,transliteration,0.028175,0.0228
tier_4,8,attn_out,code_switching,0.0062,0.013225
tier_4,8,attn_out,standard_translation,0.004025,0.00785
tier_4,8,attn_out,transliteration,0.004475,0.007175
tier_4,8,mlp_out,code_switching,0.0049,0.017
tier_4,8,mlp_out,standard_translation,0.0027500000000000003,0.01445
tier_4,8,mlp_out,transliteration,0.004875,0.006075
tier_4,8,residual,code_switching,-0.010349999999999998,0.0835
tier_4,8,residual,standard_translation,-0.015500000000000002,0.078575
tier_4,8,residual,transliteration,0.027425,0.019475
tier_4,9,attn_out,code_switching,-0.0029749999999999998,0.009474999999999999
tier_4,9,attn_out,standard_translation,-0.0016500000000000002,0.006699999999999999
tier_4,9,attn_out,transliteration,0.001175,0.0048000000000000004
tier_4,9,mlp_out,code_switching,0.00425,0.01355
tier_4,9,mlp_out,standard_translation,0.0085,0.016925
tier_4,9,mlp_out,transliteration,0.00175,0.004475
tier_4,9,residual,code_switching,-0.010525000000000001,0.070625
tier_4,9,residual,standard_translation,-0.01965,0.07544999999999999
tier_4,9,residual,transliteration,0.030675,0.018025
tier_4,10,attn_out,code_switching,0.004025,0.007724999999999999
tier_4,10,attn_out,standard_translation,0.00025,0.005875
tier_4,10,attn_out,transliteration,0.001575,0.00545
tier_4,10,mlp_out,code_switching,-0.004275,0.01555
tier_4,10,mlp_out,standard_translation,0.0018249999999999998,0.015775
tier_4,10,mlp_out,transliteration,0.0071,0.00625
tier_4,10,residual,code_switching,-0.02925,0.06795
tier_4,10,residual,standard_translation,-0.0309,0.077225
tier_4,10,residual,transliteration,0.02715,0.015825
tier_4,11,attn_out,code_switching,0.003675,0.007225
tier_4,11,attn_out,standard_translation,-0.0003500000000000001,0.0076
tier_4,11,attn_out,transliteration,-0.001,0.006875
tier_4,11,mlp_out,code_switching,0.006999999999999999,0.01805
tier_4,11,mlp_out,standard_translation,0.00415,0.012775
tier_4,11,mlp_out,transliteration,0.0101,0.0069
tier_4,11,residual,code_switching,-0.03505,0.07150000000000001
tier_4,11,residual,standard_translation,-0.031925,0.080125
tier_4,11,residual,transliteration,0.023350000000000003,0.014725
tier_4,12,attn_out,code_switching,0.004425,0.00665
tier_4,12,attn_out,standard_translation,0.00047500000000000016,0.006200000000000001
tier_4,12,attn_out,transliteration,0.0032500000000000003,0.003525
tier_4,12,mlp_out,code_switching,-0.009075,0.010775
tier_4,12,mlp_out,standard_translation,7.499999999999998e-05,0.011349999999999999
tier_4,12,mlp_out,transliteration,0.008775,0.003775
tier_4,12,residual,code_switching,-0.025875000000000002,0.036475
tier_4,12,residual,standard_translation,-0.027599999999999996,0.0584
tier_4,12,residual,transliteration,0.0206,0.013049999999999999
tier_4,13,attn_out,code_switching,0.00165,0.004175
tier_4,13,attn_out,standard_translation,-0.0029,0.0039
tier_4,13,attn_out,transliteration,0.0018999999999999998,0.002425
tier_4,13,mlp_out,code_switching,-0.0002750000000000005,0.009475
tier_4,13,mlp_out,standard_translation,0.0168,0.018975
tier_4,13,mlp_out,transliteration,0.00195,0.0079
tier_4,13,residual,code_switching,-0.026175,0.030425
tier_4,13,residual,standard_translation,-0.026000000000000002,0.051
tier_4,13,residual,transliteration,0.021750000000000002,0.015025
tier_4,14,attn_out,code_switching,0.0007,0.00315
tier_4,14,attn_out,standard_translation,0.00017500000000000003,0.005425
tier_4,14,attn_out,transliteration,0.00325,0.00475
tier_4,14,mlp_out,code_switching,-0.00105,0.007825
tier_4,14,mlp_out,standard_translation,0.001375,0.008225
tier_4,14,mlp_out,transliteration,0.001375,0.003425
tier_4,14,residual,code_switching,-0.024425,0.027200000000000002
tier_4,14,residual,standard_translation,-0.023775,0.048375
tier_4,14,residual,transliteration,0.018875,0.013725000000000001
tier_4,15,attn_out,code_switching,-0.001825,0.0032500000000000003
tier_4,15,attn_out,standard_translation,-0.0005,0.0017000000000000001
tier_4,15,attn_out,transliteration,0.003025,0.0027749999999999997
tier_4,15,mlp_out,code_switching,0.00047499999999999994,0.010125
tier_4,15,mlp_out,standard_translation,0.0019000000000000002,0.008074999999999999
tier_4,15,mlp_out,transliteration,0.003075,0.00395
tier_4,15,residual,code_switching,-0.015975,0.02095
tier_4,15,residual,standard_translation,-0.01385,0.043025
tier_4,15,residual,transliteration,0.011824999999999999,0.00785
tier_4,16,attn_out,code_switching,-0.001525,0.0058
tier_4,16,attn_out,standard_translation,0.00625,0.005675
tier_4,16,attn_out,transliteration,0.003625,0.00325
tier_4,16,mlp_out,code_switching,0.002175,0.008775
tier_4,16,mlp_out,standard_translation,0.0075,0.0081
tier_4,16,mlp_out,transliteration,0.00015000000000000001,0.004175
tier_4,16,residual,code_switching,-0.009625,0.019875
tier_4,16,residual,standard_translation,-0.002700000000000001,0.040025000000000005
tier_4,16,residual,transliteration,0.01115,0.008025
tier_4,17,attn_out,code_switching,0.0009499999999999999,0.0025
tier_4,17,attn_out,standard_translation,0.00195,0.0027749999999999997
tier_4,17,attn_out,transliteration,0.003875,0.00225
tier_4,17,mlp_out,code_switching,0.0013250000000000002,0.003825
tier_4,17,mlp_out,standard_translation,0.0015499999999999997,0.00805
tier_4,17,mlp_out,transliteration,0.000475,0.00275
tier_4,17,residual,code_switching,-0.0066,0.013575
tier_4,17,residual,standard_translation,0.0009999999999999992,0.035725
tier_4,17,residual,transliteration,0.007575,0.005
tier_4,18,attn_out,code_switching,0.000175,0.00155
tier_4,18,attn_out,standard_translation,0.00017500000000000003,0.003
tier_4,18,attn_out,transliteration,-0.0005250000000000001,0.001225
tier_4,18,mlp_out,code_switching,-0.0002999999999999999,0.00665
tier_4,18,mlp_out,standard_translation,0.009425,0.011225
tier_4,18,mlp_out,transliteration,-0.001125,0.002775
tier_4,18,residual,code_switching,-0.00665,0.010525
tier_4,18,residual,standard_translation,0.001575,0.0325
tier_4,18,residual,transliteration,0.0068,0.005575
tier_4,19,attn_out,code_switching,0.000975,0.00145
tier_4,19,attn_out,standard_translation,0.001125,0.00135
tier_4,19,attn_out,transliteration,0.00025,0.0019749999999999998
tier_4,19,mlp_out,code_switching,-0.0019000000000000002,0.0036249999999999998
tier_4,19,mlp_out,standard_translation,0.003875,0.006625
tier_4,19,mlp_out,transliteration,0.00265,0.004525
tier_4,19,residual,code_switching,-0.005775,0.010925
tier_4,19,residual,standard_translation,0.0026999999999999993,0.032275
tier_4,19,residual,transliteration,0.005399999999999999,0.005625
tier_4,20,attn_out,code_switching,0.000625,0.001175
tier_4,20,attn_out,standard_translation,0.00047499999999999994,0.001825
tier_4,20,attn_out,transliteration,0.00045,0.001175
tier_4,20,mlp_out,code_switching,0.00235,0.0043749999999999995
tier_4,20,mlp_out,standard_translation,0.004325,0.0084
tier_4,20,mlp_out,transliteration,0.003875,0.0057
tier_4,20,residual,code_switching,-0.005925,0.01165
tier_4,20,residual,standard_translation,-0.0003499999999999996,0.0293
tier_4,20,residual,transliteration,0.006025,0.006149999999999999
tier_4,21,attn_out,code_switching,4.9999999999999996e-05,0.0009
tier_4,21,attn_out,standard_translation,0.00085,0.00135
tier_4,21,attn_out,transliteration,-0.00035,0.001225
tier_4,21,mlp_out,code_switching,0.0026000000000000003,0.00355
tier_4,21,mlp_out,standard_translation,0.002275,0.00375
tier_4,21,mlp_out,transliteration,0.0020499999999999997,0.0039499999999999995
tier_4,21,residual,code_switching,-0.00415,0.01125
tier_4,21,residual,standard_translation,0.00014999999999999996,0.0295
tier_4,21,residual,transliteration,0.00475,0.006225
tier_4,22,attn_out,code_switching,0.00030000000000000003,0.0005499999999999999
tier_4,22,attn_out,standard_translation,0.000975,0.00125
tier_4,22,attn_out,transliteration,2.500000000000001e-05,0.000775
tier_4,22,mlp_out,code_switching,0.00022499999999999994,0.002725
tier_4,22,mlp_out,standard_translation,0.00145,0.0052499999999999995
tier_4,22,mlp_out,transliteration,-0.00037500000000000006,0.002775
tier_4,22,residual,code_switching,-0.0040999999999999995,0.0108
tier_4,22,residual,standard_translation,0.0015500000000000002,0.030425
tier_4,22,residual,transliteration,0.00485,0.00655
tier_4,23,attn_out,code_switching,-4.9999999999999996e-05,0.00055
tier_4,23,attn_out,standard_translation,-0.00055,0.000925
tier_4,23,attn_out,transliteration,-0.000475,0.00075
tier_4,23,mlp_out,code_switching,0.0006000000000000001,0.004225
tier_4,23,mlp_out,standard_translation,0.00605,0.006725
tier_4,23,mlp_out,transliteration,-0.00065,0.0017499999999999998
tier_4,23,residual,code_switching,-0.004425,0.010325
tier_4,23,residual,standard_translation,-0.0002999999999999999,0.029074999999999997
tier_4,23,residual,transliteration,0.00415,0.00675
tier_4,24,attn_out,code_switching,0.0007750000000000001,0.001725
tier_4,24,attn_out,standard_translation,-0.0012749999999999999,0.002725
tier_4,24,attn_out,transliteration,0.0018750000000000001,0.00155
tier_4,24,mlp_out,code_switching,-0.002075,0.00225
tier_4,24,mlp_out,standard_translation,-0.004275,0.006175
tier_4,24,mlp_out,transliteration,-0.000325,0.00275
tier_4,24,residual,code_switching,-0.007025,0.00935
tier_4,24,residual,standard_translation,-0.0007500000000000007,0.028175
tier_4,24,residual,transliteration,0.0045,0.00745
tier_4,25,attn_out,code_switching,0.00039999999999999996,0.0007
tier_4,25,attn_out,standard_translation,0.000175,0.0008749999999999999
tier_4,25,attn_out,transliteration,0.00035,0.001025
tier_4,25,mlp_out,code_switching,0.0012,0.003375
tier_4,25,mlp_out,standard_translation,0.002725,0.005775000000000001
tier_4,25,mlp_out,transliteration,0.0023,0.0024000000000000002
tier_4,25,residual,code_switching,-0.00595,0.009275
tier_4,25,residual,standard_translation,0.0015500000000000002,0.02735
tier_4,25,residual,transliteration,0.00405,0.00745
tier_4,26,attn_out,code_switching,0.000625,0.0009
tier_4,26,attn_out,standard_translation,0.000575,0.00115
tier_4,26,attn_out,transliteration,-4.9999999999999975e-05,0.00145
tier_4,26,mlp_out,code_switching,0.0015999999999999999,0.00235
tier_4,26,mlp_out,standard_translation,0.004675,0.005424999999999999
tier_4,26,mlp_out,transliteration,0.001575,0.001925
tier_4,26,residual,code_switching,-0.0062,0.009049999999999999
tier_4,26,residual,standard_translation,-0.000725,0.024825
tier_4,26,residual,transliteration,0.0035499999999999998,0.00715
tier_4,27,attn_out,code_switching,0.000475,0.000825
tier_4,27,attn_out,standard_translation,0.0009499999999999999,0.000975
tier_4,27,attn_out,transliteration,0.0003,0.00135
tier_4,27,mlp_out,code_switching,0.000825,0.002275
tier_4,27,mlp_out,standard_translation,0.000675,0.00355
tier_4,27,mlp_out,transliteration,0.0010999999999999998,0.00285
tier_4,27,residual,code_switching,-0.00515,0.00895
tier_4,27,residual,standard_translation,0.00020000000000000052,0.02325
tier_4,27,residual,transliteration,0.003,0.007124999999999999
tier_4,28,attn_out,code_switching,4.9999999999999996e-05,0.000625
tier_4,28,attn_out,standard_translation,-0.000825,0.00075
tier_4,28,attn_out,transliteration,-0.00037499999999999995,0.001
tier_4,28,mlp_out,code_switching,0.00065,0.002075
tier_4,28,mlp_out,standard_translation,0.0049499999999999995,0.0036
tier_4,28,mlp_out,transliteration,-0.000125,0.00165
tier_4,28,residual,code_switching,-0.0052250000000000005,0.009525
tier_4,28,residual,standard_translation,0.0024000000000000002,0.0201
tier_4,28,residual,transliteration,0.0014,0.0065249999999999996
tier_4,29,attn_out,code_switching,-2.0328790734103208e-20,0.0007
tier_4,29,attn_out,standard_translation,-2.500000000000001e-05,0.0018499999999999999
tier_4,29,attn_out,transliteration,-0.0021,0.001325
tier_4,29,mlp_out,code_switching,0.0006249999999999999,0.0024999999999999996
tier_4,29,mlp_out,standard_translation,5.000000000000013e-05,0.00375
tier_4,29,mlp_out,transliteration,0.00435,0.003225
tier_4,29,residual,code_switching,-0.003,0.0068
tier_4,29,residual,standard_translation,0.011375,0.009725000000000001
tier_4,29,residual,transliteration,-0.0005250000000000002,0.00565
tier_4,30,attn_out,code_switching,2.4999999999999998e-05,0.0003
tier_4,30,attn_out,standard_translation,-0.00017499999999999997,0.00042500000000000003
tier_4,30,attn_out,transliteration,0.00045,0.00055
tier_4,30,mlp_out,code_switching,-0.000375,0.000575
tier_4,30,mlp_out,standard_translation,-0.00012499999999999995,0.0009750000000000001
tier_4,30,mlp_out,transliteration,-0.00045000000000000004,0.000975
tier_4,30,residual,code_switching,-0.00044999999999999993,0.0007
tier_4,30,residual,standard_translation,0.001225,0.00315
tier_4,30,residual,transliteration,-0.001175,0.001925
tier_4,31,attn_out,code_switching,0.0,0.0
tier_4,31,attn_out,standard_translation,0.0,0.0
tier_4,31,attn_out,transliteration,0.0,0.0
tier_4,31,mlp_out,code_switching,0.0,0.0
tier_4,31,mlp_out,standard_translation,0.0,0.0
tier_4,31,mlp_out,transliteration,0.0,0.0
tier_4,31,residual,code_switching,0.0,0.0
tier_4,31,residual,standard_translation,0.0,0.0
tier_4,31,residual,transliteration,0.0,0.0
