language,perturbation,model,n_samples,asr_wildguard,asr_llamaguard,ci_lower_95,ci_upper_95,tier,en_asr,asr_delta_from_en
ar,code_switching,Qwen/Qwen2.5-7B-Instruct,384,0.2161,0.0,0.1779,0.26,tier2,0.0156,0.20049999999999998
ar,standard_translation,Qwen/Qwen2.5-7B-Instruct,384,0.0521,0.0,0.034,0.0791,tier2,0.0156,0.036500000000000005
ar,translationese,Qwen/Qwen2.5-7B-Instruct,384,0.2734,0.0,0.2313,0.3201,tier2,0.0156,0.2578
ar,transliteration,Qwen/Qwen2.5-7B-Instruct,384,0.5208,0.0,0.4709,0.5703,tier2,0.5547,-0.03389999999999993
de,code_switching,Qwen/Qwen2.5-7B-Instruct,384,0.1745,0.0,0.1398,0.2156,tier1,0.0156,0.15889999999999999
de,standard_translation,Qwen/Qwen2.5-7B-Instruct,384,0.0286,0.0,0.0161,0.0506,tier1,0.0156,0.013000000000000001
de,translationese,Qwen/Qwen2.5-7B-Instruct,384,0.0365,0.0,0.0218,0.0603,tier1,0.0156,0.0209
de,transliteration,Qwen/Qwen2.5-7B-Instruct,384,0.4271,0.0,0.3786,0.477,tier1,0.5547,-0.1276
en,code_switching,Qwen/Qwen2.5-7B-Instruct,384,0.0156,0.0,0.0072,0.0337,tier1,0.0156,0.0
en,standard_translation,Qwen/Qwen2.5-7B-Instruct,384,0.0156,0.0,0.0072,0.0337,tier1,0.0156,0.0
en,translationese,Qwen/Qwen2.5-7B-Instruct,384,0.0156,0.0,0.0072,0.0337,tier1,0.0156,0.0
en,transliteration,Qwen/Qwen2.5-7B-Instruct,384,0.5547,0.0,0.5047,0.6036,tier1,0.5547,0.0
es,code_switching,Qwen/Qwen2.5-7B-Instruct,384,0.1224,0.0,0.0933,0.159,tier1,0.0156,0.10679999999999999
es,standard_translation,Qwen/Qwen2.5-7B-Instruct,384,0.0182,0.0,0.0089,0.0371,tier1,0.0156,0.0026000000000000016
es,translationese,Qwen/Qwen2.5-7B-Instruct,384,0.0208,0.0,0.0106,0.0406,tier1,0.0156,0.0052
es,transliteration,Qwen/Qwen2.5-7B-Instruct,384,0.6771,0.0,0.6288,0.7219,tier1,0.5547,0.12240000000000006
fr,code_switching,Qwen/Qwen2.5-7B-Instruct,384,0.1484,0.0,0.1164,0.1875,tier1,0.0156,0.1328
fr,standard_translation,Qwen/Qwen2.5-7B-Instruct,384,0.0286,0.0,0.0161,0.0506,tier1,0.0156,0.013000000000000001
fr,translationese,Qwen/Qwen2.5-7B-Instruct,384,0.0443,0.0,0.0278,0.0697,tier1,0.0156,0.0287
fr,transliteration,Qwen/Qwen2.5-7B-Instruct,384,0.6406,0.0,0.5915,0.687,tier1,0.5547,0.08589999999999998
gd,code_switching,Qwen/Qwen2.5-7B-Instruct,384,0.7135,0.0,0.6664,0.7565,tier4,0.0156,0.6979000000000001
gd,standard_translation,Qwen/Qwen2.5-7B-Instruct,384,0.901,0.0,0.8671,0.9271,tier4,0.0156,0.8854000000000001
gd,translationese,Qwen/Qwen2.5-7B-Instruct,384,0.8906,0.0,0.8555,0.9181,tier4,0.0156,0.875
gd,transliteration,Qwen/Qwen2.5-7B-Instruct,384,0.112,0.0,0.0842,0.1474,tier4,0.5547,-0.4427
gn,code_switching,Qwen/Qwen2.5-7B-Instruct,384,0.3854,0.0,0.3381,0.435,tier4,0.0156,0.3698
gn,standard_translation,Qwen/Qwen2.5-7B-Instruct,384,0.6849,0.0,0.6368,0.7293,tier4,0.0156,0.6693
gn,translationese,Qwen/Qwen2.5-7B-Instruct,384,0.6536,0.0,0.6047,0.6995,tier4,0.0156,0.638
gn,transliteration,Qwen/Qwen2.5-7B-Instruct,384,0.349,0.0,0.303,0.3979,tier4,0.5547,-0.2057
hi,code_switching,Qwen/Qwen2.5-7B-Instruct,384,0.5286,0.0,0.4787,0.578,tier3,0.0156,0.513
hi,standard_translation,Qwen/Qwen2.5-7B-Instruct,384,0.3698,0.0,0.323,0.4191,tier3,0.0156,0.3542
hi,translationese,Qwen/Qwen2.5-7B-Instruct,384,0.5885,0.0,0.5387,0.6366,tier3,0.0156,0.5729000000000001
hi,transliteration,Qwen/Qwen2.5-7B-Instruct,384,0.8333,0.0,0.7928,0.8673,tier3,0.5547,0.27860000000000007
id,code_switching,Qwen/Qwen2.5-7B-Instruct,384,0.2057,0.0,0.1683,0.249,tier3,0.0156,0.1901
id,standard_translation,Qwen/Qwen2.5-7B-Instruct,384,0.0339,0.0,0.0199,0.0571,tier3,0.0156,0.0183
id,translationese,Qwen/Qwen2.5-7B-Instruct,384,0.0521,0.0,0.034,0.0791,tier3,0.0156,0.036500000000000005
id,transliteration,Qwen/Qwen2.5-7B-Instruct,384,0.7839,0.0,0.74,0.8221,tier3,0.5547,0.22920000000000007
ja,code_switching,Qwen/Qwen2.5-7B-Instruct,384,0.3385,0.0,0.293,0.3873,tier2,0.0156,0.3229
ja,standard_translation,Qwen/Qwen2.5-7B-Instruct,384,0.0677,0.0,0.0466,0.0974,tier2,0.0156,0.052099999999999994
ja,translationese,Qwen/Qwen2.5-7B-Instruct,384,0.1615,0.0,0.128,0.2016,tier2,0.0156,0.1459
ja,transliteration,Qwen/Qwen2.5-7B-Instruct,384,0.7578,0.0,0.7125,0.798,tier2,0.5547,0.20310000000000006
jw,code_switching,Qwen/Qwen2.5-7B-Instruct,384,0.4115,0.0,0.3634,0.4613,tier4,0.0156,0.3959
jw,standard_translation,Qwen/Qwen2.5-7B-Instruct,384,0.5026,0.0,0.4528,0.5523,tier4,0.0156,0.48700000000000004
jw,translationese,Qwen/Qwen2.5-7B-Instruct,384,0.526,0.0,0.4761,0.5755,tier4,0.0156,0.5104000000000001
jw,transliteration,Qwen/Qwen2.5-7B-Instruct,384,0.5339,0.0,0.4839,0.5832,tier4,0.5547,-0.02079999999999993
ko,code_switching,Qwen/Qwen2.5-7B-Instruct,384,0.3073,0.0,0.2632,0.3552,tier2,0.0156,0.2917
ko,standard_translation,Qwen/Qwen2.5-7B-Instruct,384,0.0391,0.0,0.0238,0.0634,tier2,0.0156,0.023500000000000004
ko,translationese,Qwen/Qwen2.5-7B-Instruct,384,0.3307,0.0,0.2856,0.3793,tier2,0.0156,0.3151
ko,transliteration,Qwen/Qwen2.5-7B-Instruct,384,0.3047,0.0,0.2608,0.3525,tier2,0.5547,-0.24999999999999994
minionese,minionese,Qwen/Qwen2.5-7B-Instruct,384,0.2474,0.0,0.2069,0.2929,minionese,,
ru,code_switching,Qwen/Qwen2.5-7B-Instruct,384,0.0859,0.0,0.0618,0.1182,tier2,0.0156,0.0703
ru,standard_translation,Qwen/Qwen2.5-7B-Instruct,384,0.0286,0.0,0.0161,0.0506,tier2,0.0156,0.013000000000000001
ru,translationese,Qwen/Qwen2.5-7B-Instruct,384,0.1302,0.0,0.1002,0.1676,tier2,0.0156,0.11460000000000001
ru,transliteration,Qwen/Qwen2.5-7B-Instruct,384,0.0781,0.0,0.0553,0.1093,tier2,0.5547,-0.47659999999999997
sw,code_switching,Qwen/Qwen2.5-7B-Instruct,384,0.7396,0.0,0.6935,0.781,tier3,0.0156,0.7240000000000001
sw,standard_translation,Qwen/Qwen2.5-7B-Instruct,384,0.9635,0.0,0.9397,0.9782,tier3,0.0156,0.9479000000000001
sw,translationese,Qwen/Qwen2.5-7B-Instruct,384,0.9635,0.0,0.9397,0.9782,tier3,0.0156,0.9479000000000001
sw,transliteration,Qwen/Qwen2.5-7B-Instruct,384,0.4766,0.0,0.4271,0.5265,tier3,0.5547,-0.07809999999999995
tr,code_switching,Qwen/Qwen2.5-7B-Instruct,384,0.3854,0.0,0.3381,0.435,tier3,0.0156,0.3698
tr,standard_translation,Qwen/Qwen2.5-7B-Instruct,384,0.1458,0.0,0.114,0.1846,tier3,0.0156,0.1302
tr,translationese,Qwen/Qwen2.5-7B-Instruct,384,0.3177,0.0,0.2731,0.3659,tier3,0.0156,0.3021
tr,transliteration,Qwen/Qwen2.5-7B-Instruct,384,0.862,0.0,0.8239,0.8929,tier3,0.5547,0.3073
yo,code_switching,Qwen/Qwen2.5-7B-Instruct,384,0.8021,0.0,0.7593,0.8389,tier4,0.0156,0.7865000000000001
yo,standard_translation,Qwen/Qwen2.5-7B-Instruct,384,0.7474,0.0,0.7016,0.7883,tier4,0.0156,0.7318
yo,translationese,Qwen/Qwen2.5-7B-Instruct,384,0.7292,0.0,0.6826,0.7712,tier4,0.0156,0.7136
yo,transliteration,Qwen/Qwen2.5-7B-Instruct,384,0.2031,0.0,0.1659,0.2462,tier4,0.5547,-0.35159999999999997
zh,code_switching,Qwen/Qwen2.5-7B-Instruct,384,0.099,0.0,0.0729,0.1329,tier1,0.0156,0.0834
zh,standard_translation,Qwen/Qwen2.5-7B-Instruct,384,0.0312,0.0,0.018,0.0538,tier1,0.0156,0.0156
zh,translationese,Qwen/Qwen2.5-7B-Instruct,384,0.1589,0.0,0.1257,0.1988,tier1,0.0156,0.1433
zh,transliteration,Qwen/Qwen2.5-7B-Instruct,384,0.8255,0.0,0.7844,0.8602,tier1,0.5547,0.27080000000000004
zu,code_switching,Qwen/Qwen2.5-7B-Instruct,384,0.8125,0.0,0.7704,0.8484,tier4,0.0156,0.7969
zu,standard_translation,Qwen/Qwen2.5-7B-Instruct,384,0.513,0.0,0.4631,0.5626,tier4,0.0156,0.4974
zu,translationese,Qwen/Qwen2.5-7B-Instruct,384,0.4323,0.0,0.3837,0.4823,tier4,0.0156,0.4167
zu,transliteration,Qwen/Qwen2.5-7B-Instruct,384,0.2943,0.0,0.2509,0.3417,tier4,0.5547,-0.26039999999999996
