language,layer,angle_idx,angle_rad,angle_deg
de,9,0,0.8814316599758315,50.50231404582539
de,10,0,0.8817121856905049,50.518386985321065
de,11,0,0.8463305440248681,48.491168245635855
de,12,0,0.8553790675661039,49.00961045537344
de,13,0,0.8493640110654763,48.66497310435474
de,14,0,0.8290549063452108,47.50134711819432
de,15,0,0.8371844007073137,47.96713283471821
de,16,0,0.8452773999465856,48.43082753473107
de,17,0,0.8369245084325971,47.952242104248896
de,18,0,0.8641151931719646,49.510153581885426
fr,9,0,0.7384072417724908,42.30761851545991
fr,10,0,0.7133370777782929,40.871203926891525
fr,11,0,0.7521704107252682,43.09619000917954
fr,12,0,0.7878475171204862,45.14033763086473
fr,13,0,0.7725920633384412,44.266264514596664
fr,14,0,0.7633856417251822,43.7387754117389
fr,15,0,0.7583265834707899,43.44891272545139
fr,16,0,0.7614884645183193,43.63007516479723
fr,17,0,0.7688435757143947,44.051491994181774
fr,18,0,0.7858419494770474,45.02542706936769
zh,9,0,0.6744670276746768,38.644114106492275
zh,10,0,0.669508354155723,38.360003041872936
zh,11,0,0.6631837537081576,37.99763012912089
zh,12,0,0.6988715626951205,40.04239096414292
zh,13,0,0.6876318722337122,39.398404137670774
zh,14,0,0.7160611504310637,41.02728179298229
zh,15,0,0.7134073417850968,40.87522975793307
zh,16,0,0.7187084028387722,41.17895818324985
zh,17,0,0.7487358974036606,42.89940689116997
zh,18,0,0.8008999901705431,45.888189248841236
es,9,0,0.6497901404798883,37.23023261871047
es,10,0,0.6646695043109773,38.082757368071476
es,11,0,0.6505609888700568,37.27439897811158
es,12,0,0.6992620049679102,40.06476165851726
es,13,0,0.6862241960282185,39.31775023217499
es,14,0,0.674865929081901,38.66696947356805
es,15,0,0.6874709995724907,39.38918681314374
es,16,0,0.6968400171973081,39.92599198122946
es,17,0,0.7063685691282288,40.47193779174244
es,18,0,0.7614310522961094,43.62678568677214
ar,9,0,0.9219227236354864,52.82228110151916
ar,10,0,0.8309850693029406,47.61193730944472
ar,11,0,0.8130855550571746,46.58637068782804
ar,12,0,0.933998196482057,53.514154731252475
ar,13,0,0.8605267219333101,49.30454932500644
ar,14,0,0.9211096126838735,52.775693275715874
ar,15,0,0.9360352377398832,53.63086859801994
ar,16,0,0.9403450574803576,53.87780307961129
ar,17,0,0.9526708698142995,54.58402010541646
ar,18,0,0.9339275092949574,53.51010465376602
ru,9,0,0.7530639781829462,43.14738765321472
ru,10,0,0.7574770284401899,43.40023680773391
ru,11,0,0.754622390427296,43.23667809755747
ru,12,0,0.8494230014727842,48.668353005725244
ru,13,0,0.8341691617236107,47.79437236672871
ru,14,0,0.8320585569276249,47.67344361969865
ru,15,0,0.8562797708197112,49.06121695039884
ru,16,0,0.8820617158664661,50.538413589216105
ru,17,0,0.908378838919249,52.04627366906701
ru,18,0,0.9250410674479962,53.0009490410467
ko,9,0,1.0187477416807262,58.36994598678944
ko,10,0,1.0275091580932711,58.87193816978491
ko,11,0,1.044726512357284,59.858419903494415
ko,12,0,1.0169710932209515,58.26815152836593
ko,13,0,1.0541795725603325,60.40004035661217
ko,14,0,1.0683138971954025,61.209877504469475
ko,15,0,1.0343179614349078,59.26205386479526
ko,16,0,1.04289109002141,59.75325795002479
ko,17,0,1.0311256789295862,59.07914955022689
ko,18,0,1.0085293230833061,57.78447372785927
ja,9,0,0.92768938926622,53.15268670402334
ja,10,0,0.9319061015102237,53.39428651902589
ja,11,0,0.9284948696933834,53.1988373329802
ja,12,0,0.9723302206820515,55.7104179381055
ja,13,0,0.9542682837079348,54.67554517965732
ja,14,0,0.9521418073699547,54.55370706025663
ja,15,0,0.9290140212544887,53.22858252635916
ja,16,0,0.9580288587021115,54.89101025536608
ja,17,0,0.9730947157109705,55.75422027672129
ja,18,0,0.9704457171562657,55.602443839600454
tr,9,0,1.1113885853855214,63.6778753416053
tr,10,0,1.0875462447546012,62.31180984974029
tr,11,0,1.1438663012384291,65.53871138820205
tr,12,0,1.1409155232195494,65.36964426144026
tr,13,0,1.175911373733665,67.37475879636982
tr,14,0,1.1586661408004548,66.38667973257685
tr,15,0,1.161895003551113,66.57167994081658
tr,16,0,1.1692395147130614,66.99248943298294
tr,17,0,1.1426297577939584,65.4678626676493
tr,18,0,1.1477340661019353,65.76031799102994
id,9,0,0.8359889509279261,47.89863860773946
id,10,0,0.8353085713691916,47.85965573055699
id,11,0,0.8247041045000522,47.252064534968994
id,12,0,0.8494062775795893,48.66739479722815
id,13,0,0.8318816823895674,47.66330945516463
id,14,0,0.8515010159337292,48.78741446410454
id,15,0,0.8484652646553851,48.61347872820399
id,16,0,0.8799956186022133,50.4200349359109
id,17,0,0.8332030380923873,47.73901756017175
id,18,0,0.878186315681713,50.316369514705535
hi,9,0,1.405237994609477,80.51420630255056
hi,10,0,1.395036000184412,79.92967507937834
hi,11,0,1.4152799377467142,81.08956726242461
hi,12,0,1.4377942746117245,82.3795437433255
hi,13,0,1.4305377907375352,81.96377784322972
hi,14,0,1.4336842381288541,82.14405599921224
hi,15,0,1.4181923732470574,81.25643752469836
hi,16,0,1.4352848340618372,82.23576339087798
hi,17,0,1.4469142838297078,82.90208178063635
hi,18,0,1.4395486367393524,82.48006128897617
sw,9,0,1.5006155790899762,85.97893935343562
sw,10,0,1.531979602300073,87.77596551192453
sw,11,0,1.4962858389875258,85.73086351917668
sw,12,0,1.5008894449167929,85.99463070946508
sw,13,0,1.5129468933981332,86.6854716191423
sw,14,0,1.514978706935753,86.80188595960547
sw,15,0,1.5105463659925307,86.5479315301958
sw,16,0,1.5123551573210081,86.65156763933742
sw,17,0,1.505350497633391,86.25023020231151
sw,18,0,1.4930958382187185,85.54808993848053
yo,9,0,1.544766215585968,88.50858448747222
yo,10,0,1.54436551402817,88.48562597936608
yo,11,0,1.5650476649945657,89.67062594099296
yo,12,0,1.5454220592023549,88.54616155871179
yo,13,0,1.554615670118165,89.07291666267311
yo,14,0,1.5455849983142596,88.55549728214153
yo,15,0,1.5628464427001276,89.54450519375156
yo,16,0,1.5466062192127117,88.61400892957339
yo,17,0,1.553591055621052,89.01421057636061
yo,18,0,1.548742979019854,88.73643624835583
zu,9,0,1.5549235646430069,89.09055771948172
zu,10,0,1.5574341984885385,89.23440644273339
zu,11,0,1.5680055242262914,89.84009879136465
zu,12,0,1.5578528257592177,89.25839201853239
zu,13,0,1.5631672867383153,89.56288820302164
zu,14,0,1.5591721984828537,89.33398650720142
zu,15,0,1.5584094804874515,89.2902859851062
zu,16,0,1.5424562029648181,88.37623051365837
zu,17,0,1.541590239310785,88.32661445107055
zu,18,0,1.5423780031009087,88.37174999149786
gd,9,0,1.5296166504106317,87.64057834146708
gd,10,0,1.5077549116603532,86.38799297825851
gd,11,0,1.476236171540805,84.58210219383874
gd,12,0,1.515196548745354,86.81436737589709
gd,13,0,1.5247581434964195,87.36220640054759
gd,14,0,1.516639086670272,86.89701871078245
gd,15,0,1.5263494340792763,87.45338063492419
gd,16,0,1.5406090643875177,88.27039726900325
gd,17,0,1.5126865321553309,86.67055401878095
gd,18,0,1.526300109132382,87.45055452364245
gn,9,0,1.3108437344399941,75.10581358457934
gn,10,0,1.3105996020073443,75.09182582654624
gn,11,0,1.3434094034873414,76.97168897801215
gn,12,0,1.3985771268183242,80.13256669022287
gn,13,0,1.4475657390622108,82.93940741600049
gn,14,0,1.44864048621718,83.00098589202392
gn,15,0,1.4617927066107637,83.75455261180215
gn,16,0,1.4798369297100553,84.78841043998403
gn,17,0,1.4795449185123701,84.77167943078611
gn,18,0,1.4825425951891171,84.94343365270852
