language,layer,category,cv_accuracy,cv_auc,best_C,n_harmful,n_benign
en,0,unknown,0.9548076923076924,0.9928624260355029,0.1,520,520
en,0,all,0.9548076923076924,0.9928624260355029,0.1,520,520
en,1,unknown,0.9701923076923077,0.9970968934911243,0.1,520,520
en,1,all,0.9701923076923077,0.9970968934911243,0.1,520,520
en,2,unknown,0.9740384615384615,0.9981213017751479,0.1,520,520
en,2,all,0.9740384615384615,0.9981213017751479,0.1,520,520
en,3,unknown,0.9701923076923077,0.9977810650887574,0.01,520,520
en,3,all,0.9701923076923077,0.9977810650887574,0.01,520,520
en,4,unknown,0.9711538461538461,0.9980029585798817,0.01,520,520
en,4,all,0.9711538461538461,0.9980029585798817,0.01,520,520
en,5,unknown,0.9692307692307692,0.997969674556213,0.01,520,520
en,5,all,0.9692307692307692,0.997969674556213,0.01,520,520
en,6,unknown,0.9711538461538461,0.997969674556213,0.01,520,520
en,6,all,0.9711538461538461,0.997969674556213,0.01,520,520
en,7,unknown,0.9711538461538461,0.9980843195266272,0.01,520,520
en,7,all,0.9711538461538461,0.9980843195266272,0.01,520,520
en,8,unknown,0.9701923076923077,0.9980362426035503,0.01,520,520
en,8,all,0.9701923076923077,0.9980362426035503,0.01,520,520
en,9,unknown,0.9711538461538461,0.9980399408284024,0.01,520,520
en,9,all,0.9711538461538461,0.9980399408284024,0.01,520,520
en,10,unknown,0.9701923076923077,0.9980103550295858,0.01,520,520
en,10,all,0.9701923076923077,0.9980103550295858,0.01,520,520
en,11,unknown,0.9701923076923077,0.9979992603550296,0.01,520,520
en,11,all,0.9701923076923077,0.9979992603550296,0.01,520,520
en,12,unknown,0.9692307692307692,0.9979844674556213,0.01,520,520
en,12,all,0.9692307692307692,0.9979844674556213,0.01,520,520
en,13,unknown,0.9692307692307692,0.9979696745562131,0.01,520,520
en,13,all,0.9692307692307692,0.9979696745562131,0.01,520,520
en,14,unknown,0.9701923076923077,0.9978550295857989,0.01,520,520
en,14,all,0.9701923076923077,0.9978550295857989,0.01,520,520
en,15,unknown,0.9692307692307692,0.9978365384615385,0.01,520,520
en,15,all,0.9692307692307692,0.9978365384615385,0.01,520,520
en,16,unknown,0.9692307692307692,0.9977736686390533,0.01,520,520
en,16,all,0.9692307692307692,0.9977736686390533,0.01,520,520
en,17,unknown,0.9701923076923077,0.9977884615384615,0.01,520,520
en,17,all,0.9701923076923077,0.9977884615384615,0.01,520,520
en,18,unknown,0.9711538461538461,0.997758875739645,0.01,520,520
en,18,all,0.9711538461538461,0.997758875739645,0.01,520,520
en,19,unknown,0.9701923076923077,0.9977921597633136,0.01,520,520
en,19,all,0.9701923076923077,0.9977921597633136,0.01,520,520
en,20,unknown,0.9711538461538461,0.9977884615384616,0.01,520,520
en,20,all,0.9711538461538461,0.9977884615384616,0.01,520,520
en,21,unknown,0.9711538461538461,0.9977403846153846,0.01,520,520
en,21,all,0.9711538461538461,0.9977403846153846,0.01,520,520
en,22,unknown,0.9711538461538461,0.997758875739645,0.01,520,520
en,22,all,0.9711538461538461,0.997758875739645,0.01,520,520
en,23,unknown,0.9701923076923077,0.9977440828402366,0.01,520,520
en,23,all,0.9701923076923077,0.9977440828402366,0.01,520,520
en,24,unknown,0.9701923076923077,0.9977292899408283,0.01,520,520
en,24,all,0.9701923076923077,0.9977292899408283,0.01,520,520
en,25,unknown,0.9701923076923077,0.9976997041420118,0.01,520,520
en,25,all,0.9701923076923077,0.9976997041420118,0.01,520,520
en,26,unknown,0.9701923076923077,0.9977403846153846,0.01,520,520
en,26,all,0.9701923076923077,0.9977403846153846,0.01,520,520
en,27,unknown,0.9701923076923077,0.9976886094674555,0.01,520,520
en,27,all,0.9701923076923077,0.9976886094674555,0.01,520,520
en,28,unknown,0.9701923076923077,0.9977477810650888,0.01,520,520
en,28,all,0.9701923076923077,0.9977477810650888,0.01,520,520
en,29,unknown,0.9692307692307692,0.9977995562130177,0.01,520,520
en,29,all,0.9692307692307692,0.9977995562130177,0.01,520,520
en,30,unknown,0.9682692307692308,0.9978143491124261,0.01,520,520
en,30,all,0.9682692307692308,0.9978143491124261,0.01,520,520
en,31,unknown,0.9711538461538461,0.9977329881656803,0.01,520,520
en,31,all,0.9711538461538461,0.9977329881656803,0.01,520,520
de,0,unknown,0.9778846153846154,0.9981582840236686,1.0,520,520
de,0,all,0.9778846153846154,0.9981582840236686,1.0,520,520
de,1,unknown,0.9548076923076924,0.9919304733727811,0.1,520,520
de,1,all,0.9548076923076924,0.9919304733727811,0.1,520,520
de,2,unknown,0.9673076923076923,0.9950073964497042,0.1,520,520
de,2,all,0.9673076923076923,0.9950073964497042,0.1,520,520
de,3,unknown,0.9625,0.9957692307692307,0.01,520,520
de,3,all,0.9625,0.9957692307692307,0.01,520,520
de,4,unknown,0.975,0.9979992603550296,0.01,520,520
de,4,all,0.975,0.9979992603550296,0.01,520,520
de,5,unknown,0.9759615384615384,0.998276627218935,0.01,520,520
de,5,all,0.9759615384615384,0.998276627218935,0.01,520,520
de,6,unknown,0.9759615384615384,0.9983653846153846,0.01,520,520
de,6,all,0.9759615384615384,0.9983653846153846,0.01,520,520
de,7,unknown,0.9769230769230769,0.9985170118343195,0.01,520,520
de,7,all,0.9769230769230769,0.9985170118343195,0.01,520,520
de,8,unknown,0.975,0.9985022189349113,0.01,520,520
de,8,all,0.975,0.9985022189349113,0.01,520,520
de,9,unknown,0.9778846153846154,0.9985576923076923,0.01,520,520
de,9,all,0.9778846153846154,0.9985576923076923,0.01,520,520
de,10,unknown,0.9740384615384615,0.9984023668639053,0.01,520,520
de,10,all,0.9740384615384615,0.9984023668639053,0.01,520,520
de,11,unknown,0.9769230769230769,0.998487426035503,0.01,520,520
de,11,all,0.9769230769230769,0.998487426035503,0.01,520,520
de,12,unknown,0.975,0.9984319526627219,0.01,520,520
de,12,all,0.975,0.9984319526627219,0.01,520,520
de,13,unknown,0.9730769230769231,0.9983505917159763,0.01,520,520
de,13,all,0.9730769230769231,0.9983505917159763,0.01,520,520
de,14,unknown,0.975,0.9982618343195266,0.01,520,520
de,14,all,0.975,0.9982618343195266,0.01,520,520
de,15,unknown,0.9759615384615384,0.9981545857988166,0.01,520,520
de,15,all,0.9759615384615384,0.9981545857988166,0.01,520,520
de,16,unknown,0.9740384615384615,0.9981065088757396,0.01,520,520
de,16,all,0.9740384615384615,0.9981065088757396,0.01,520,520
de,17,unknown,0.9740384615384615,0.9981213017751479,0.01,520,520
de,17,all,0.9740384615384615,0.9981213017751479,0.01,520,520
de,18,unknown,0.9721153846153846,0.9978883136094675,0.01,520,520
de,18,all,0.9721153846153846,0.9978883136094675,0.01,520,520
de,19,unknown,0.9721153846153846,0.9978254437869822,0.01,520,520
de,19,all,0.9721153846153846,0.9978254437869822,0.01,520,520
de,20,unknown,0.9730769230769231,0.9977958579881657,0.01,520,520
de,20,all,0.9730769230769231,0.9977958579881657,0.01,520,520
de,21,unknown,0.9701923076923077,0.9976849112426036,0.01,520,520
de,21,all,0.9701923076923077,0.9976849112426036,0.01,520,520
de,22,unknown,0.9663461538461539,0.9976849112426035,0.01,520,520
de,22,all,0.9663461538461539,0.9976849112426035,0.01,520,520
de,23,unknown,0.9673076923076923,0.9976775147928995,0.01,520,520
de,23,all,0.9673076923076923,0.9976775147928995,0.01,520,520
de,24,unknown,0.9663461538461539,0.9975776627218935,0.01,520,520
de,24,all,0.9663461538461539,0.9975776627218935,0.01,520,520
de,25,unknown,0.9673076923076923,0.9975776627218935,0.01,520,520
de,25,all,0.9673076923076923,0.9975776627218935,0.01,520,520
de,26,unknown,0.9701923076923077,0.9977107988165681,0.01,520,520
de,26,all,0.9701923076923077,0.9977107988165681,0.01,520,520
de,27,unknown,0.9663461538461539,0.9977440828402367,0.01,520,520
de,27,all,0.9663461538461539,0.9977440828402367,0.01,520,520
de,28,unknown,0.9701923076923077,0.9977810650887574,0.01,520,520
de,28,all,0.9701923076923077,0.9977810650887574,0.01,520,520
de,29,unknown,0.9711538461538461,0.9978698224852072,0.01,520,520
de,29,all,0.9711538461538461,0.9978698224852072,0.01,520,520
de,30,unknown,0.9701923076923077,0.9979326923076923,0.01,520,520
de,30,all,0.9701923076923077,0.9979326923076923,0.01,520,520
de,31,unknown,0.9682692307692308,0.9978735207100591,0.01,520,520
de,31,all,0.9682692307692308,0.9978735207100591,0.01,520,520
fr,0,unknown,0.9701923076923077,0.9966863905325444,1.0,520,520
fr,0,all,0.9701923076923077,0.9966863905325444,1.0,520,520
fr,1,unknown,0.9759615384615384,0.9978513313609467,1.0,520,520
fr,1,all,0.9759615384615384,0.9978513313609467,1.0,520,520
fr,2,unknown,0.9028846153846154,0.9698335798816569,0.01,520,520
fr,2,all,0.9028846153846154,0.9698335798816569,0.01,520,520
fr,3,unknown,0.9576923076923077,0.9935022189349112,0.01,520,520
fr,3,all,0.9576923076923077,0.9935022189349112,0.01,520,520
fr,4,unknown,0.9653846153846154,0.9957877218934912,0.01,520,520
fr,4,all,0.9653846153846154,0.9957877218934912,0.01,520,520
fr,5,unknown,0.9625,0.996405325443787,0.01,520,520
fr,5,all,0.9625,0.996405325443787,0.01,520,520
fr,6,unknown,0.9653846153846154,0.9968047337278108,0.01,520,520
fr,6,all,0.9653846153846154,0.9968047337278108,0.01,520,520
fr,7,unknown,0.9663461538461539,0.9970636094674554,0.01,520,520
fr,7,all,0.9663461538461539,0.9970636094674554,0.01,520,520
fr,8,unknown,0.9663461538461539,0.9972559171597634,0.01,520,520
fr,8,all,0.9663461538461539,0.9972559171597634,0.01,520,520
fr,9,unknown,0.9673076923076923,0.9971893491124261,0.01,520,520
fr,9,all,0.9673076923076923,0.9971893491124261,0.01,520,520
fr,10,unknown,0.9682692307692308,0.9972928994082841,0.01,520,520
fr,10,all,0.9682692307692308,0.9972928994082841,0.01,520,520
fr,11,unknown,0.9692307692307692,0.9972633136094675,0.01,520,520
fr,11,all,0.9692307692307692,0.9972633136094675,0.01,520,520
fr,12,unknown,0.9682692307692308,0.9973520710059172,0.01,520,520
fr,12,all,0.9682692307692308,0.9973520710059172,0.01,520,520
fr,13,unknown,0.9682692307692308,0.9972744082840237,0.01,520,520
fr,13,all,0.9682692307692308,0.9972744082840237,0.01,520,520
fr,14,unknown,0.9682692307692308,0.9973113905325444,0.01,520,520
fr,14,all,0.9682692307692308,0.9973113905325444,0.01,520,520
fr,15,unknown,0.9682692307692308,0.9971079881656805,0.01,520,520
fr,15,all,0.9682692307692308,0.9971079881656805,0.01,520,520
fr,16,unknown,0.9673076923076923,0.997034023668639,0.01,520,520
fr,16,all,0.9673076923076923,0.997034023668639,0.01,520,520
fr,17,unknown,0.9663461538461539,0.996875,0.01,520,520
fr,17,all,0.9663461538461539,0.996875,0.01,520,520
fr,18,unknown,0.9653846153846154,0.9968860946745562,0.01,520,520
fr,18,all,0.9653846153846154,0.9968860946745562,0.01,520,520
fr,19,unknown,0.9653846153846154,0.9968417159763313,0.01,520,520
fr,19,all,0.9653846153846154,0.9968417159763313,0.01,520,520
fr,20,unknown,0.9653846153846154,0.9967085798816568,0.01,520,520
fr,20,all,0.9653846153846154,0.9967085798816568,0.01,520,520
fr,21,unknown,0.9653846153846154,0.9966383136094675,0.01,520,520
fr,21,all,0.9653846153846154,0.9966383136094675,0.01,520,520
fr,22,unknown,0.9653846153846154,0.9964940828402367,0.01,520,520
fr,22,all,0.9653846153846154,0.9964940828402367,0.01,520,520
fr,23,unknown,0.9644230769230769,0.996512573964497,0.01,520,520
fr,23,all,0.9644230769230769,0.996512573964497,0.01,520,520
fr,24,unknown,0.9663461538461539,0.9965199704142012,0.01,520,520
fr,24,all,0.9663461538461539,0.9965199704142012,0.01,520,520
fr,25,unknown,0.9653846153846154,0.9964903846153845,0.01,520,520
fr,25,all,0.9653846153846154,0.9964903846153845,0.01,520,520
fr,26,unknown,0.9653846153846154,0.9965717455621302,0.01,520,520
fr,26,all,0.9653846153846154,0.9965717455621302,0.01,520,520
fr,27,unknown,0.9673076923076923,0.9966198224852072,0.01,520,520
fr,27,all,0.9673076923076923,0.9966198224852072,0.01,520,520
fr,28,unknown,0.9653846153846154,0.9965791420118344,0.01,520,520
fr,28,all,0.9653846153846154,0.9965791420118344,0.01,520,520
fr,29,unknown,0.9644230769230769,0.9966568047337279,0.01,520,520
fr,29,all,0.9644230769230769,0.9966568047337279,0.01,520,520
fr,30,unknown,0.9663461538461539,0.9967973372781066,0.01,520,520
fr,30,all,0.9663461538461539,0.9967973372781066,0.01,520,520
fr,31,unknown,0.9673076923076923,0.9966900887573964,0.01,520,520
fr,31,all,0.9673076923076923,0.9966900887573964,0.01,520,520
zh,0,unknown,0.9567307692307693,0.9947744082840236,1.0,520,520
zh,0,all,0.9567307692307693,0.9947744082840236,1.0,520,520
zh,1,unknown,0.9596153846153846,0.9958062130177514,1.0,520,520
zh,1,all,0.9596153846153846,0.9958062130177514,1.0,520,520
zh,2,unknown,0.95,0.9930140532544379,0.1,520,520
zh,2,all,0.95,0.9930140532544379,0.1,520,520
zh,3,unknown,0.9596153846153846,0.9957877218934911,0.1,520,520
zh,3,all,0.9596153846153846,0.9957877218934911,0.1,520,520
zh,4,unknown,0.9615384615384616,0.9960872781065089,0.1,520,520
zh,4,all,0.9615384615384616,0.9960872781065089,0.1,520,520
zh,5,unknown,0.9519230769230769,0.9943121301775149,0.01,520,520
zh,5,all,0.9519230769230769,0.9943121301775149,0.01,520,520
zh,6,unknown,0.9528846153846153,0.9946227810650887,0.01,520,520
zh,6,all,0.9528846153846153,0.9946227810650887,0.01,520,520
zh,7,unknown,0.9538461538461539,0.995003698224852,0.01,520,520
zh,7,all,0.9538461538461539,0.995003698224852,0.01,520,520
zh,8,unknown,0.9557692307692308,0.9949741124260354,0.01,520,520
zh,8,all,0.9557692307692308,0.9949741124260354,0.01,520,520
zh,9,unknown,0.9576923076923077,0.9949815088757397,0.01,520,520
zh,9,all,0.9576923076923077,0.9949815088757397,0.01,520,520
zh,10,unknown,0.9557692307692308,0.9949334319526627,0.01,520,520
zh,10,all,0.9557692307692308,0.9949334319526627,0.01,520,520
zh,11,unknown,0.9567307692307693,0.9948853550295857,0.01,520,520
zh,11,all,0.9567307692307693,0.9948853550295857,0.01,520,520
zh,12,unknown,0.9538461538461539,0.9949186390532544,0.01,520,520
zh,12,all,0.9538461538461539,0.9949186390532544,0.01,520,520
zh,13,unknown,0.9557692307692308,0.9949186390532544,0.01,520,520
zh,13,all,0.9557692307692308,0.9949186390532544,0.01,520,520
zh,14,unknown,0.9557692307692308,0.994733727810651,0.01,520,520
zh,14,all,0.9557692307692308,0.994733727810651,0.01,520,520
zh,15,unknown,0.9548076923076924,0.994685650887574,0.01,520,520
zh,15,all,0.9548076923076924,0.994685650887574,0.01,520,520
zh,16,unknown,0.9557692307692308,0.9944711538461538,0.01,520,520
zh,16,all,0.9557692307692308,0.9944711538461538,0.01,520,520
zh,17,unknown,0.9557692307692308,0.994378698224852,0.01,520,520
zh,17,all,0.9557692307692308,0.994378698224852,0.01,520,520
zh,18,unknown,0.9548076923076924,0.9942011834319526,0.01,520,520
zh,18,all,0.9548076923076924,0.9942011834319526,0.01,520,520
zh,19,unknown,0.9548076923076924,0.9940384615384615,0.01,520,520
zh,19,all,0.9548076923076924,0.9940384615384615,0.01,520,520
zh,20,unknown,0.9548076923076924,0.9939201183431953,0.01,520,520
zh,20,all,0.9548076923076924,0.9939201183431953,0.01,520,520
zh,21,unknown,0.9538461538461539,0.9938165680473373,0.01,520,520
zh,21,all,0.9538461538461539,0.9938165680473373,0.01,520,520
zh,22,unknown,0.9528846153846153,0.993849852071006,0.01,520,520
zh,22,all,0.9528846153846153,0.993849852071006,0.01,520,520
zh,23,unknown,0.9528846153846153,0.9938905325443788,0.01,520,520
zh,23,all,0.9528846153846153,0.9938905325443788,0.01,520,520
zh,24,unknown,0.9509615384615384,0.9937352071005917,0.01,520,520
zh,24,all,0.9509615384615384,0.9937352071005917,0.01,520,520
zh,25,unknown,0.9509615384615384,0.9936686390532546,0.01,520,520
zh,25,all,0.9509615384615384,0.9936686390532546,0.01,520,520
zh,26,unknown,0.9538461538461539,0.9935909763313611,0.01,520,520
zh,26,all,0.9538461538461539,0.9935909763313611,0.01,520,520
zh,27,unknown,0.9557692307692308,0.9935318047337278,0.01,520,520
zh,27,all,0.9557692307692308,0.9935318047337278,0.01,520,520
zh,28,unknown,0.9557692307692308,0.9935872781065089,0.01,520,520
zh,28,all,0.9557692307692308,0.9935872781065089,0.01,520,520
zh,29,unknown,0.9548076923076924,0.9935133136094675,0.01,520,520
zh,29,all,0.9548076923076924,0.9935133136094675,0.01,520,520
zh,30,unknown,0.9528846153846153,0.9934282544378699,0.01,520,520
zh,30,all,0.9528846153846153,0.9934282544378699,0.01,520,520
zh,31,unknown,0.9528846153846153,0.9934578402366864,0.01,520,520
zh,31,all,0.9528846153846153,0.9934578402366864,0.01,520,520
es,0,unknown,0.9365384615384615,0.9876534763313609,0.1,520,520
es,0,all,0.9365384615384615,0.9876534763313609,0.1,520,520
es,1,unknown,0.989423076923077,0.9996579142011834,10.0,520,520
es,1,all,0.989423076923077,0.9996579142011834,10.0,520,520
es,2,unknown,0.9634615384615385,0.9959375,0.1,520,520
es,2,all,0.9634615384615385,0.9959375,0.1,520,520
es,3,unknown,0.9798076923076923,0.9990366124260354,0.1,520,520
es,3,all,0.9798076923076923,0.9990366124260354,0.1,520,520
es,4,unknown,0.975,0.9981268491124261,0.01,520,520
es,4,all,0.975,0.9981268491124261,0.01,520,520
es,5,unknown,0.975,0.9983413461538462,0.01,520,520
es,5,all,0.975,0.9983413461538462,0.01,520,520
es,6,unknown,0.9740384615384615,0.9984153106508875,0.01,520,520
es,6,all,0.9740384615384615,0.9984153106508875,0.01,520,520
es,7,unknown,0.9721153846153846,0.9984301035502958,0.01,520,520
es,7,all,0.9721153846153846,0.9984301035502958,0.01,520,520
es,8,unknown,0.9740384615384615,0.9984301035502958,0.01,520,520
es,8,all,0.9740384615384615,0.9984301035502958,0.01,520,520
es,9,unknown,0.9730769230769231,0.998433801775148,0.01,520,520
es,9,all,0.9730769230769231,0.998433801775148,0.01,520,520
es,10,unknown,0.9740384615384615,0.9984301035502958,0.01,520,520
es,10,all,0.9740384615384615,0.9984301035502958,0.01,520,520
es,11,unknown,0.9730769230769231,0.9984781804733728,0.01,520,520
es,11,all,0.9730769230769231,0.9984781804733728,0.01,520,520
es,12,unknown,0.9769230769230769,0.9984596893491124,0.01,520,520
es,12,all,0.9769230769230769,0.9984596893491124,0.01,520,520
es,13,unknown,0.975,0.9983154585798817,0.01,520,520
es,13,all,0.975,0.9983154585798817,0.01,520,520
es,14,unknown,0.975,0.9982082100591716,0.01,520,520
es,14,all,0.975,0.9982082100591716,0.01,520,520
es,15,unknown,0.9711538461538461,0.9981416420118343,0.01,520,520
es,15,all,0.9711538461538461,0.9981416420118343,0.01,520,520
es,16,unknown,0.9721153846153846,0.998071375739645,0.01,520,520
es,16,all,0.9721153846153846,0.998071375739645,0.01,520,520
es,17,unknown,0.9673076923076923,0.9978938609467456,0.01,520,520
es,17,all,0.9673076923076923,0.9978938609467456,0.01,520,520
es,18,unknown,0.9701923076923077,0.9977422337278108,0.01,520,520
es,18,all,0.9701923076923077,0.9977422337278108,0.01,520,520
es,19,unknown,0.9701923076923077,0.9977385355029587,0.01,520,520
es,19,all,0.9701923076923077,0.9977385355029587,0.01,520,520
es,20,unknown,0.9692307692307692,0.9976793639053254,0.01,520,520
es,20,all,0.9692307692307692,0.9976793639053254,0.01,520,520
es,21,unknown,0.9682692307692308,0.9976571745562131,0.01,520,520
es,21,all,0.9682692307692308,0.9976571745562131,0.01,520,520
es,22,unknown,0.9701923076923077,0.9976275887573964,0.01,520,520
es,22,all,0.9701923076923077,0.9976275887573964,0.01,520,520
es,23,unknown,0.9711538461538461,0.9976682692307692,0.01,520,520
es,23,all,0.9711538461538461,0.9976682692307692,0.01,520,520
es,24,unknown,0.9711538461538461,0.9975943047337278,0.01,520,520
es,24,all,0.9711538461538461,0.9975943047337278,0.01,520,520
es,25,unknown,0.9721153846153846,0.9976571745562131,0.01,520,520
es,25,all,0.9721153846153846,0.9976571745562131,0.01,520,520
es,26,unknown,0.9721153846153846,0.9976460798816568,0.01,520,520
es,26,all,0.9721153846153846,0.9976460798816568,0.01,520,520
es,27,unknown,0.9721153846153846,0.9976349852071006,0.01,520,520
es,27,all,0.9721153846153846,0.9976349852071006,0.01,520,520
es,28,unknown,0.9721153846153846,0.9976867603550296,0.01,520,520
es,28,all,0.9721153846153846,0.9976867603550296,0.01,520,520
es,29,unknown,0.9711538461538461,0.9977459319526627,0.01,520,520
es,29,all,0.9711538461538461,0.9977459319526627,0.01,520,520
es,30,unknown,0.9692307692307692,0.9977940088757397,0.01,520,520
es,30,all,0.9692307692307692,0.9977940088757397,0.01,520,520
es,31,unknown,0.9701923076923077,0.9977718195266273,0.01,520,520
es,31,all,0.9701923076923077,0.9977718195266273,0.01,520,520
ar,0,unknown,0.9740384615384615,0.9968158284023668,1.0,520,520
ar,0,all,0.9740384615384615,0.9968158284023668,1.0,520,520
ar,1,unknown,0.9865384615384616,0.9994637573964498,10.0,520,520
ar,1,all,0.9865384615384616,0.9994637573964498,10.0,520,520
ar,2,unknown,0.9586538461538462,0.992869822485207,0.1,520,520
ar,2,all,0.9586538461538462,0.992869822485207,0.1,520,520
ar,3,unknown,0.9788461538461538,0.9982470414201183,0.1,520,520
ar,3,all,0.9788461538461538,0.9982470414201183,0.1,520,520
ar,4,unknown,0.9807692307692307,0.9986982248520709,0.1,520,520
ar,4,all,0.9807692307692307,0.9986982248520709,0.1,520,520
ar,5,unknown,0.9682692307692308,0.9971005917159763,0.01,520,520
ar,5,all,0.9682692307692308,0.9971005917159763,0.01,520,520
ar,6,unknown,0.9711538461538461,0.9973224852071005,0.01,520,520
ar,6,all,0.9711538461538461,0.9973224852071005,0.01,520,520
ar,7,unknown,0.9721153846153846,0.9976442307692308,0.01,520,520
ar,7,all,0.9721153846153846,0.9976442307692308,0.01,520,520
ar,8,unknown,0.9730769230769231,0.9977255917159764,0.01,520,520
ar,8,all,0.9730769230769231,0.9977255917159764,0.01,520,520
ar,9,unknown,0.9759615384615384,0.9979511834319528,0.01,520,520
ar,9,all,0.9759615384615384,0.9979511834319528,0.01,520,520
ar,10,unknown,0.9740384615384615,0.9979031065088758,0.01,520,520
ar,10,all,0.9740384615384615,0.9979031065088758,0.01,520,520
ar,11,unknown,0.9778846153846154,0.9979400887573964,0.01,520,520
ar,11,all,0.9778846153846154,0.9979400887573964,0.01,520,520
ar,12,unknown,0.9778846153846154,0.9979326923076923,0.01,520,520
ar,12,all,0.9778846153846154,0.9979326923076923,0.01,520,520
ar,13,unknown,0.9778846153846154,0.9977662721893491,0.01,520,520
ar,13,all,0.9778846153846154,0.9977662721893491,0.01,520,520
ar,14,unknown,0.975,0.9976701183431953,0.01,520,520
ar,14,all,0.975,0.9976701183431953,0.01,520,520
ar,15,unknown,0.9721153846153846,0.997292899408284,0.01,520,520
ar,15,all,0.9721153846153846,0.997292899408284,0.01,520,520
ar,16,unknown,0.9730769230769231,0.9972670118343194,0.01,520,520
ar,16,all,0.9730769230769231,0.9972670118343194,0.01,520,520
ar,17,unknown,0.9730769230769231,0.9971264792899408,0.01,520,520
ar,17,all,0.9730769230769231,0.9971264792899408,0.01,520,520
ar,18,unknown,0.9711538461538461,0.9970710059171597,0.01,520,520
ar,18,all,0.9711538461538461,0.9970710059171597,0.01,520,520
ar,19,unknown,0.9711538461538461,0.9969008875739646,0.01,520,520
ar,19,all,0.9711538461538461,0.9969008875739646,0.01,520,520
ar,20,unknown,0.9711538461538461,0.9969637573964497,0.01,520,520
ar,20,all,0.9711538461538461,0.9969637573964497,0.01,520,520
ar,21,unknown,0.9711538461538461,0.9968639053254438,0.01,520,520
ar,21,all,0.9711538461538461,0.9968639053254438,0.01,520,520
ar,22,unknown,0.9721153846153846,0.9968602071005918,0.01,520,520
ar,22,all,0.9721153846153846,0.9968602071005918,0.01,520,520
ar,23,unknown,0.9711538461538461,0.9967788461538462,0.01,520,520
ar,23,all,0.9711538461538461,0.9967788461538462,0.01,520,520
ar,24,unknown,0.9721153846153846,0.9967085798816567,0.01,520,520
ar,24,all,0.9721153846153846,0.9967085798816567,0.01,520,520
ar,25,unknown,0.9721153846153846,0.9968158284023669,0.01,520,520
ar,25,all,0.9721153846153846,0.9968158284023669,0.01,520,520
ar,26,unknown,0.9711538461538461,0.9967973372781066,0.01,520,520
ar,26,all,0.9711538461538461,0.9967973372781066,0.01,520,520
ar,27,unknown,0.9721153846153846,0.9968860946745561,0.01,520,520
ar,27,all,0.9721153846153846,0.9968860946745561,0.01,520,520
ar,28,unknown,0.9711538461538461,0.9970118343195267,0.01,520,520
ar,28,all,0.9711538461538461,0.9970118343195267,0.01,520,520
ar,29,unknown,0.9721153846153846,0.9970303254437869,0.01,520,520
ar,29,all,0.9721153846153846,0.9970303254437869,0.01,520,520
ar,30,unknown,0.9740384615384615,0.9969933431952663,0.01,520,520
ar,30,all,0.9740384615384615,0.9969933431952663,0.01,520,520
ar,31,unknown,0.9740384615384615,0.997181952662722,0.01,520,520
ar,31,all,0.9740384615384615,0.997181952662722,0.01,520,520
ru,0,unknown,0.9336538461538462,0.9870210798816568,0.1,520,520
ru,0,all,0.9336538461538462,0.9870210798816568,0.1,520,520
ru,1,unknown,0.9557692307692308,0.9919212278106508,0.1,520,520
ru,1,all,0.9557692307692308,0.9919212278106508,0.1,520,520
ru,2,unknown,0.9576923076923077,0.9939330621301775,0.1,520,520
ru,2,all,0.9576923076923077,0.9939330621301775,0.1,520,520
ru,3,unknown,0.9605769230769231,0.995260724852071,0.01,520,520
ru,3,all,0.9605769230769231,0.995260724852071,0.01,520,520
ru,4,unknown,0.9663461538461539,0.9973058431952663,0.01,520,520
ru,4,all,0.9663461538461539,0.9973058431952663,0.01,520,520
ru,5,unknown,0.9701923076923077,0.9975388313609467,0.01,520,520
ru,5,all,0.9701923076923077,0.9975388313609467,0.01,520,520
ru,6,unknown,0.9730769230769231,0.9977866124260354,0.01,520,520
ru,6,all,0.9730769230769231,0.9977866124260354,0.01,520,520
ru,7,unknown,0.9711538461538461,0.998023298816568,0.01,520,520
ru,7,all,0.9711538461538461,0.998023298816568,0.01,520,520
ru,8,unknown,0.9730769230769231,0.9980159023668639,0.01,520,520
ru,8,all,0.9730769230769231,0.9980159023668639,0.01,520,520
ru,9,unknown,0.9721153846153846,0.9981009615384615,0.01,520,520
ru,9,all,0.9721153846153846,0.9981009615384615,0.01,520,520
ru,10,unknown,0.9740384615384615,0.9982156065088758,0.01,520,520
ru,10,all,0.9740384615384615,0.9982156065088758,0.01,520,520
ru,11,unknown,0.9730769230769231,0.9982599852071006,0.01,520,520
ru,11,all,0.9730769230769231,0.9982599852071006,0.01,520,520
ru,12,unknown,0.9759615384615384,0.9983154585798817,0.01,520,520
ru,12,all,0.9759615384615384,0.9983154585798817,0.01,520,520
ru,13,unknown,0.9740384615384615,0.9982156065088758,0.01,520,520
ru,13,all,0.9740384615384615,0.9982156065088758,0.01,520,520
ru,14,unknown,0.9740384615384615,0.998178624260355,0.01,520,520
ru,14,all,0.9740384615384615,0.998178624260355,0.01,520,520
ru,15,unknown,0.9740384615384615,0.9979900147928994,0.01,520,520
ru,15,all,0.9740384615384615,0.9979900147928994,0.01,520,520
ru,16,unknown,0.9721153846153846,0.9979012573964497,0.01,520,520
ru,16,all,0.9721153846153846,0.9979012573964497,0.01,520,520
ru,17,unknown,0.9721153846153846,0.9978420857988166,0.01,520,520
ru,17,all,0.9721153846153846,0.9978420857988166,0.01,520,520
ru,18,unknown,0.9711538461538461,0.9977903106508876,0.01,520,520
ru,18,all,0.9711538461538461,0.9977903106508876,0.01,520,520
ru,19,unknown,0.9711538461538461,0.9977459319526627,0.01,520,520
ru,19,all,0.9711538461538461,0.9977459319526627,0.01,520,520
ru,20,unknown,0.9692307692307692,0.9977200443786981,0.01,520,520
ru,20,all,0.9692307692307692,0.9977200443786981,0.01,520,520
ru,21,unknown,0.9711538461538461,0.9977459319526627,0.01,520,520
ru,21,all,0.9711538461538461,0.9977459319526627,0.01,520,520
ru,22,unknown,0.9711538461538461,0.9977200443786982,0.01,520,520
ru,22,all,0.9711538461538461,0.9977200443786982,0.01,520,520
ru,23,unknown,0.9711538461538461,0.9976460798816569,0.01,520,520
ru,23,all,0.9711538461538461,0.9976460798816569,0.01,520,520
ru,24,unknown,0.9721153846153846,0.9975573224852071,0.01,520,520
ru,24,all,0.9721153846153846,0.9975573224852071,0.01,520,520
ru,25,unknown,0.9721153846153846,0.9975758136094675,0.01,520,520
ru,25,all,0.9721153846153846,0.9975758136094675,0.01,520,520
ru,26,unknown,0.9711538461538461,0.9975610207100591,0.01,520,520
ru,26,all,0.9711538461538461,0.9975610207100591,0.01,520,520
ru,27,unknown,0.9701923076923077,0.9975980029585799,0.01,520,520
ru,27,all,0.9701923076923077,0.9975980029585799,0.01,520,520
ru,28,unknown,0.9692307692307692,0.9976238905325444,0.01,520,520
ru,28,all,0.9692307692307692,0.9976238905325444,0.01,520,520
ru,29,unknown,0.9711538461538461,0.9976719674556214,0.01,520,520
ru,29,all,0.9711538461538461,0.9976719674556214,0.01,520,520
ru,30,unknown,0.9730769230769231,0.9976978550295859,0.01,520,520
ru,30,all,0.9730769230769231,0.9976978550295859,0.01,520,520
ru,31,unknown,0.9721153846153846,0.9977015532544379,0.01,520,520
ru,31,all,0.9721153846153846,0.9977015532544379,0.01,520,520
ko,0,unknown,0.989423076923077,0.9997540680473372,10.0,520,520
ko,0,all,0.989423076923077,0.9997540680473372,10.0,520,520
ko,1,unknown,0.9932692307692308,0.9998798076923077,10.0,520,520
ko,1,all,0.9932692307692308,0.9998798076923077,10.0,520,520
ko,2,unknown,0.9903846153846154,0.9997318786982249,1.0,520,520
ko,2,all,0.9903846153846154,0.9997318786982249,1.0,520,520
ko,3,unknown,0.9913461538461539,0.9998058431952662,1.0,520,520
ko,3,all,0.9913461538461539,0.9998058431952662,1.0,520,520
ko,4,unknown,0.9884615384615385,0.9996616124260355,0.1,520,520
ko,4,all,0.9884615384615385,0.9996616124260355,0.1,520,520
ko,5,unknown,0.989423076923077,0.9996948964497041,0.1,520,520
ko,5,all,0.989423076923077,0.9996948964497041,0.1,520,520
ko,6,unknown,0.989423076923077,0.9997244822485207,0.1,520,520
ko,6,all,0.989423076923077,0.9997244822485207,0.1,520,520
ko,7,unknown,0.9865384615384616,0.9995025887573964,0.01,520,520
ko,7,all,0.9865384615384616,0.9995025887573964,0.01,520,520
ko,8,unknown,0.9875,0.9995543639053255,0.01,520,520
ko,8,all,0.9875,0.9995543639053255,0.01,520,520
ko,9,unknown,0.9875,0.9995876479289941,0.01,520,520
ko,9,all,0.9875,0.9995876479289941,0.01,520,520
ko,10,unknown,0.9875,0.9997355769230769,0.1,520,520
ko,10,all,0.9875,0.9997355769230769,0.1,520,520
ko,11,unknown,0.9865384615384616,0.9995580621301775,0.01,520,520
ko,11,all,0.9865384615384616,0.9995580621301775,0.01,520,520
ko,12,unknown,0.9865384615384616,0.9996061390532545,0.01,520,520
ko,12,all,0.9865384615384616,0.9996061390532545,0.01,520,520
ko,13,unknown,0.9884615384615385,0.9996468195266273,0.01,520,520
ko,13,all,0.9884615384615385,0.9996468195266273,0.01,520,520
ko,14,unknown,0.9875,0.9996246301775148,0.01,520,520
ko,14,all,0.9875,0.9996246301775148,0.01,520,520
ko,15,unknown,0.9875,0.9995469674556213,0.01,520,520
ko,15,all,0.9875,0.9995469674556213,0.01,520,520
ko,16,unknown,0.9865384615384616,0.9995395710059172,0.01,520,520
ko,16,all,0.9865384615384616,0.9995395710059172,0.01,520,520
ko,17,unknown,0.989423076923077,0.9997540680473372,0.1,520,520
ko,17,all,0.989423076923077,0.9997540680473372,0.1,520,520
ko,18,unknown,0.9903846153846154,0.9997503698224852,0.1,520,520
ko,18,all,0.9903846153846154,0.9997503698224852,0.1,520,520
ko,19,unknown,0.9903846153846154,0.9997540680473372,0.1,520,520
ko,19,all,0.9903846153846154,0.9997540680473372,0.1,520,520
ko,20,unknown,0.9903846153846154,0.9997577662721894,0.1,520,520
ko,20,all,0.9903846153846154,0.9997577662721894,0.1,520,520
ko,21,unknown,0.9903846153846154,0.9997540680473372,0.1,520,520
ko,21,all,0.9903846153846154,0.9997540680473372,0.1,520,520
ko,22,unknown,0.989423076923077,0.9997503698224852,0.1,520,520
ko,22,all,0.989423076923077,0.9997503698224852,0.1,520,520
ko,23,unknown,0.9903846153846154,0.9997466715976331,0.1,520,520
ko,23,all,0.9903846153846154,0.9997466715976331,0.1,520,520
ko,24,unknown,0.989423076923077,0.9997429733727811,0.1,520,520
ko,24,all,0.989423076923077,0.9997429733727811,0.1,520,520
ko,25,unknown,0.9903846153846154,0.9997503698224852,0.1,520,520
ko,25,all,0.9903846153846154,0.9997503698224852,0.1,520,520
ko,26,unknown,0.9903846153846154,0.9997540680473372,0.1,520,520
ko,26,all,0.9903846153846154,0.9997540680473372,0.1,520,520
ko,27,unknown,0.9903846153846154,0.9997688609467456,0.1,520,520
ko,27,all,0.9903846153846154,0.9997688609467456,0.1,520,520
ko,28,unknown,0.9903846153846154,0.9997688609467456,0.1,520,520
ko,28,all,0.9903846153846154,0.9997688609467456,0.1,520,520
ko,29,unknown,0.9903846153846154,0.9997762573964497,0.1,520,520
ko,29,all,0.9903846153846154,0.9997762573964497,0.1,520,520
ko,30,unknown,0.9913461538461539,0.9998095414201184,0.1,520,520
ko,30,all,0.9913461538461539,0.9998095414201184,0.1,520,520
ko,31,unknown,0.9836538461538461,0.9989256656804735,0.01,520,520
ko,31,all,0.9836538461538461,0.9989256656804735,0.01,520,520
ja,0,unknown,0.989423076923077,0.9996412721893492,10.0,520,520
ja,0,all,0.989423076923077,0.9996412721893492,10.0,520,520
ja,1,unknown,0.9826923076923076,0.9994193786982248,1.0,520,520
ja,1,all,0.9826923076923076,0.9994193786982248,1.0,520,520
ja,2,unknown,0.9865384615384616,0.9995784023668639,1.0,520,520
ja,2,all,0.9865384615384616,0.9995784023668639,1.0,520,520
ja,3,unknown,0.9846153846153847,0.9994452662721893,0.1,520,520
ja,3,all,0.9846153846153847,0.9994452662721893,0.1,520,520
ja,4,unknown,0.9855769230769231,0.9995377218934911,0.1,520,520
ja,4,all,0.9855769230769231,0.9995377218934911,0.1,520,520
ja,5,unknown,0.9875,0.999534023668639,0.1,520,520
ja,5,all,0.9875,0.999534023668639,0.1,520,520
ja,6,unknown,0.9875,0.9995968934911243,0.1,520,520
ja,6,all,0.9875,0.9995968934911243,0.1,520,520
ja,7,unknown,0.9875,0.9996005917159764,0.1,520,520
ja,7,all,0.9875,0.9996005917159764,0.1,520,520
ja,8,unknown,0.9826923076923076,0.9991087278106509,0.01,520,520
ja,8,all,0.9826923076923076,0.9991087278106509,0.01,520,520
ja,9,unknown,0.9865384615384616,0.9995894970414202,0.1,520,520
ja,9,all,0.9865384615384616,0.9995894970414202,0.1,520,520
ja,10,unknown,0.9846153846153847,0.9992973372781064,0.01,520,520
ja,10,all,0.9846153846153847,0.9992973372781064,0.01,520,520
ja,11,unknown,0.9836538461538461,0.9992862426035503,0.01,520,520
ja,11,all,0.9836538461538461,0.9992862426035503,0.01,520,520
ja,12,unknown,0.9865384615384616,0.9994267751479291,0.01,520,520
ja,12,all,0.9865384615384616,0.9994267751479291,0.01,520,520
ja,13,unknown,0.9855769230769231,0.9995894970414202,0.1,520,520
ja,13,all,0.9855769230769231,0.9995894970414202,0.1,520,520
ja,14,unknown,0.9855769230769231,0.999582100591716,0.1,520,520
ja,14,all,0.9855769230769231,0.999582100591716,0.1,520,520
ja,15,unknown,0.9855769230769231,0.9995968934911243,0.1,520,520
ja,15,all,0.9855769230769231,0.9995968934911243,0.1,520,520
ja,16,unknown,0.9855769230769231,0.9995857988165681,0.1,520,520
ja,16,all,0.9855769230769231,0.9995857988165681,0.1,520,520
ja,17,unknown,0.9875,0.9996079881656805,0.1,520,520
ja,17,all,0.9875,0.9996079881656805,0.1,520,520
ja,18,unknown,0.9855769230769231,0.9996042899408284,0.1,520,520
ja,18,all,0.9855769230769231,0.9996042899408284,0.1,520,520
ja,19,unknown,0.9865384615384616,0.9996005917159764,0.1,520,520
ja,19,all,0.9865384615384616,0.9996005917159764,0.1,520,520
ja,20,unknown,0.9865384615384616,0.9996005917159763,0.1,520,520
ja,20,all,0.9865384615384616,0.9996005917159763,0.1,520,520
ja,21,unknown,0.9865384615384616,0.9995931952662721,0.1,520,520
ja,21,all,0.9865384615384616,0.9995931952662721,0.1,520,520
ja,22,unknown,0.9865384615384616,0.9995968934911242,0.1,520,520
ja,22,all,0.9865384615384616,0.9995968934911242,0.1,520,520
ja,23,unknown,0.9865384615384616,0.9996116863905324,0.1,520,520
ja,23,all,0.9865384615384616,0.9996116863905324,0.1,520,520
ja,24,unknown,0.9875,0.9996190828402367,0.1,520,520
ja,24,all,0.9875,0.9996190828402367,0.1,520,520
ja,25,unknown,0.9875,0.9996523668639054,0.1,520,520
ja,25,all,0.9875,0.9996523668639054,0.1,520,520
ja,26,unknown,0.9865384615384616,0.9996449704142012,0.1,520,520
ja,26,all,0.9865384615384616,0.9996449704142012,0.1,520,520
ja,27,unknown,0.9865384615384616,0.9996597633136095,0.1,520,520
ja,27,all,0.9865384615384616,0.9996597633136095,0.1,520,520
ja,28,unknown,0.9884615384615385,0.9996671597633137,0.1,520,520
ja,28,all,0.9884615384615385,0.9996671597633137,0.1,520,520
ja,29,unknown,0.9875,0.9996671597633136,0.1,520,520
ja,29,all,0.9875,0.9996671597633136,0.1,520,520
ja,30,unknown,0.9884615384615385,0.9996819526627219,0.1,520,520
ja,30,all,0.9884615384615385,0.9996819526627219,0.1,520,520
ja,31,unknown,0.975,0.9986242603550296,0.01,520,520
ja,31,all,0.975,0.9986242603550296,0.01,520,520
tr,0,unknown,0.9875,0.9992289201183432,1.0,520,520
tr,0,all,0.9875,0.9992289201183432,1.0,520,520
tr,1,unknown,0.9913461538461539,0.9997429733727812,1.0,520,520
tr,1,all,0.9913461538461539,0.9997429733727812,1.0,520,520
tr,2,unknown,0.9615384615384616,0.9952274408284024,0.1,520,520
tr,2,all,0.9615384615384616,0.9952274408284024,0.1,520,520
tr,3,unknown,0.9923076923076923,0.9999204881656805,1.0,520,520
tr,3,all,0.9923076923076923,0.9999204881656805,1.0,520,520
tr,4,unknown,0.9923076923076923,0.9998169378698225,0.1,520,520
tr,4,all,0.9923076923076923,0.9998169378698225,0.1,520,520
tr,5,unknown,0.9903846153846154,0.999839127218935,0.1,520,520
tr,5,all,0.9903846153846154,0.999839127218935,0.1,520,520
tr,6,unknown,0.9942307692307693,0.9998539201183432,0.1,520,520
tr,6,all,0.9942307692307693,0.9998539201183432,0.1,520,520
tr,7,unknown,0.9932692307692308,0.9998724112426035,0.1,520,520
tr,7,all,0.9932692307692308,0.9998724112426035,0.1,520,520
tr,8,unknown,0.9932692307692308,0.9998650147928995,0.1,520,520
tr,8,all,0.9932692307692308,0.9998650147928995,0.1,520,520
tr,9,unknown,0.9932692307692308,0.9998872041420118,0.1,520,520
tr,9,all,0.9932692307692308,0.9998872041420118,0.1,520,520
tr,10,unknown,0.9932692307692308,0.9998835059171598,0.1,520,520
tr,10,all,0.9932692307692308,0.9998835059171598,0.1,520,520
tr,11,unknown,0.9932692307692308,0.999890902366864,0.1,520,520
tr,11,all,0.9932692307692308,0.999890902366864,0.1,520,520
tr,12,unknown,0.9932692307692308,0.9998761094674556,0.1,520,520
tr,12,all,0.9932692307692308,0.9998761094674556,0.1,520,520
tr,13,unknown,0.9932692307692308,0.9999056952662722,0.1,520,520
tr,13,all,0.9932692307692308,0.9999056952662722,0.1,520,520
tr,14,unknown,0.9932692307692308,0.9998909023668638,0.1,520,520
tr,14,all,0.9932692307692308,0.9998909023668638,0.1,520,520
tr,15,unknown,0.9932692307692308,0.999890902366864,0.1,520,520
tr,15,all,0.9932692307692308,0.999890902366864,0.1,520,520
tr,16,unknown,0.9865384615384616,0.9994877958579882,0.01,520,520
tr,16,all,0.9865384615384616,0.9994877958579882,0.01,520,520
tr,17,unknown,0.9932692307692308,0.999894600591716,0.1,520,520
tr,17,all,0.9932692307692308,0.999894600591716,0.1,520,520
tr,18,unknown,0.9932692307692308,0.999894600591716,0.1,520,520
tr,18,all,0.9932692307692308,0.999894600591716,0.1,520,520
tr,19,unknown,0.9865384615384616,0.9992585059171598,0.01,520,520
tr,19,all,0.9865384615384616,0.9992585059171598,0.01,520,520
tr,20,unknown,0.9846153846153847,0.9992104289940829,0.01,520,520
tr,20,all,0.9846153846153847,0.9992104289940829,0.01,520,520
tr,21,unknown,0.9836538461538461,0.9991401627218934,0.01,520,520
tr,21,all,0.9836538461538461,0.9991401627218934,0.01,520,520
tr,22,unknown,0.9826923076923076,0.9990698964497041,0.01,520,520
tr,22,all,0.9826923076923076,0.9990698964497041,0.01,520,520
tr,23,unknown,0.9836538461538461,0.9989922337278107,0.01,520,520
tr,23,all,0.9836538461538461,0.9989922337278107,0.01,520,520
tr,24,unknown,0.9817307692307692,0.9989330621301775,0.01,520,520
tr,24,all,0.9817307692307692,0.9989330621301775,0.01,520,520
tr,25,unknown,0.9817307692307692,0.9989663461538462,0.01,520,520
tr,25,all,0.9817307692307692,0.9989663461538462,0.01,520,520
tr,26,unknown,0.9817307692307692,0.9989478550295858,0.01,520,520
tr,26,all,0.9817307692307692,0.9989478550295858,0.01,520,520
tr,27,unknown,0.9826923076923076,0.9989515532544379,0.01,520,520
tr,27,all,0.9826923076923076,0.9989515532544379,0.01,520,520
tr,28,unknown,0.9836538461538461,0.9989404585798817,0.01,520,520
tr,28,all,0.9836538461538461,0.9989404585798817,0.01,520,520
tr,29,unknown,0.9826923076923076,0.9989293639053255,0.01,520,520
tr,29,all,0.9826923076923076,0.9989293639053255,0.01,520,520
tr,30,unknown,0.9846153846153847,0.9990144230769231,0.01,520,520
tr,30,all,0.9846153846153847,0.9990144230769231,0.01,520,520
tr,31,unknown,0.9836538461538461,0.999007026627219,0.01,520,520
tr,31,all,0.9836538461538461,0.999007026627219,0.01,520,520
id,0,unknown,0.9798076923076923,0.9989607988165681,10.0,520,520
id,0,all,0.9798076923076923,0.9989607988165681,10.0,520,520
id,1,unknown,0.948076923076923,0.9893860946745563,0.1,520,520
id,1,all,0.948076923076923,0.9893860946745563,0.1,520,520
id,2,unknown,0.9538461538461539,0.9911057692307692,0.1,520,520
id,2,all,0.9538461538461539,0.9911057692307692,0.1,520,520
id,3,unknown,0.9778846153846154,0.9981915680473372,0.1,520,520
id,3,all,0.9778846153846154,0.9981915680473372,0.1,520,520
id,4,unknown,0.9692307692307692,0.9958431952662723,0.01,520,520
id,4,all,0.9692307692307692,0.9958431952662723,0.01,520,520
id,5,unknown,0.9701923076923077,0.9969489644970414,0.01,520,520
id,5,all,0.9701923076923077,0.9969489644970414,0.01,520,520
id,6,unknown,0.9721153846153846,0.9973002958579882,0.01,520,520
id,6,all,0.9721153846153846,0.9973002958579882,0.01,520,520
id,7,unknown,0.9730769230769231,0.9976960059171599,0.01,520,520
id,7,all,0.9730769230769231,0.9976960059171599,0.01,520,520
id,8,unknown,0.9740384615384615,0.9979178994082841,0.01,520,520
id,8,all,0.9740384615384615,0.9979178994082841,0.01,520,520
id,9,unknown,0.9769230769230769,0.9979955621301775,0.01,520,520
id,9,all,0.9769230769230769,0.9979955621301775,0.01,520,520
id,10,unknown,0.9759615384615384,0.9979031065088758,0.01,520,520
id,10,all,0.9759615384615384,0.9979031065088758,0.01,520,520
id,11,unknown,0.9769230769230769,0.9980473372781065,0.01,520,520
id,11,all,0.9769230769230769,0.9980473372781065,0.01,520,520
id,12,unknown,0.9730769230769231,0.997969674556213,0.01,520,520
id,12,all,0.9730769230769231,0.997969674556213,0.01,520,520
id,13,unknown,0.9759615384615384,0.9977995562130177,0.01,520,520
id,13,all,0.9759615384615384,0.9977995562130177,0.01,520,520
id,14,unknown,0.9740384615384615,0.9976331360946745,0.01,520,520
id,14,all,0.9740384615384615,0.9976331360946745,0.01,520,520
id,15,unknown,0.975,0.9973335798816568,0.01,520,520
id,15,all,0.975,0.9973335798816568,0.01,520,520
id,16,unknown,0.9740384615384615,0.997241124260355,0.01,520,520
id,16,all,0.9740384615384615,0.997241124260355,0.01,520,520
id,17,unknown,0.975,0.9969637573964497,0.01,520,520
id,17,all,0.975,0.9969637573964497,0.01,520,520
id,18,unknown,0.9721153846153846,0.9968306213017751,0.01,520,520
id,18,all,0.9721153846153846,0.9968306213017751,0.01,520,520
id,19,unknown,0.9730769230769231,0.9967566568047337,0.01,520,520
id,19,all,0.9730769230769231,0.9967566568047337,0.01,520,520
id,20,unknown,0.9721153846153846,0.9965310650887573,0.01,520,520
id,20,all,0.9721153846153846,0.9965310650887573,0.01,520,520
id,21,unknown,0.9721153846153846,0.9964016272189349,0.01,520,520
id,21,all,0.9721153846153846,0.9964016272189349,0.01,520,520
id,22,unknown,0.9721153846153846,0.99625,0.01,520,520
id,22,all,0.9721153846153846,0.99625,0.01,520,520
id,23,unknown,0.9711538461538461,0.9961094674556213,0.01,520,520
id,23,all,0.9711538461538461,0.9961094674556213,0.01,520,520
id,24,unknown,0.9701923076923077,0.996042899408284,0.01,520,520
id,24,all,0.9701923076923077,0.996042899408284,0.01,520,520
id,25,unknown,0.9701923076923077,0.9961242603550295,0.01,520,520
id,25,all,0.9701923076923077,0.9961242603550295,0.01,520,520
id,26,unknown,0.9701923076923077,0.996150147928994,0.01,520,520
id,26,all,0.9701923076923077,0.996150147928994,0.01,520,520
id,27,unknown,0.9711538461538461,0.9961834319526627,0.01,520,520
id,27,all,0.9711538461538461,0.9961834319526627,0.01,520,520
id,28,unknown,0.9711538461538461,0.9961797337278107,0.01,520,520
id,28,all,0.9711538461538461,0.9961797337278107,0.01,520,520
id,29,unknown,0.9721153846153846,0.9963128698224852,0.01,520,520
id,29,all,0.9721153846153846,0.9963128698224852,0.01,520,520
id,30,unknown,0.9730769230769231,0.9962869822485207,0.01,520,520
id,30,all,0.9730769230769231,0.9962869822485207,0.01,520,520
id,31,unknown,0.9740384615384615,0.9965347633136096,0.01,520,520
id,31,all,0.9740384615384615,0.9965347633136096,0.01,520,520
hi,0,unknown,0.9317307692307693,0.9823428254437869,0.1,520,520
hi,0,all,0.9317307692307693,0.9823428254437869,0.1,520,520
hi,1,unknown,0.9826923076923076,0.9992252218934912,1.0,520,520
hi,1,all,0.9826923076923076,0.9992252218934912,1.0,520,520
hi,2,unknown,0.9961538461538462,0.9999574704142012,10.0,520,520
hi,2,all,0.9961538461538462,0.9999574704142012,10.0,520,520
hi,3,unknown,0.9932692307692308,0.9998354289940828,1.0,520,520
hi,3,all,0.9932692307692308,0.9998354289940828,1.0,520,520
hi,4,unknown,0.9942307692307693,0.9998761094674558,1.0,520,520
hi,4,all,0.9942307692307693,0.9998761094674558,1.0,520,520
hi,5,unknown,0.9865384615384616,0.9996690088757396,0.1,520,520
hi,5,all,0.9865384615384616,0.9996690088757396,0.1,520,520
hi,6,unknown,0.9903846153846154,0.9997133875739646,0.1,520,520
hi,6,all,0.9903846153846154,0.9997133875739646,0.1,520,520
hi,7,unknown,0.9903846153846154,0.9997096893491125,0.1,520,520
hi,7,all,0.9903846153846154,0.9997096893491125,0.1,520,520
hi,8,unknown,0.9865384615384616,0.9993583579881657,0.01,520,520
hi,8,all,0.9865384615384616,0.9993583579881657,0.01,520,520
hi,9,unknown,0.9865384615384616,0.9994582100591716,0.01,520,520
hi,9,all,0.9865384615384616,0.9994582100591716,0.01,520,520
hi,10,unknown,0.9855769230769231,0.9995025887573965,0.01,520,520
hi,10,all,0.9855769230769231,0.9995025887573965,0.01,520,520
hi,11,unknown,0.9875,0.9994767011834319,0.01,520,520
hi,11,all,0.9875,0.9994767011834319,0.01,520,520
hi,12,unknown,0.9865384615384616,0.9994508136094674,0.01,520,520
hi,12,all,0.9865384615384616,0.9994508136094674,0.01,520,520
hi,13,unknown,0.9855769230769231,0.9994138313609469,0.01,520,520
hi,13,all,0.9855769230769231,0.9994138313609469,0.01,520,520
hi,14,unknown,0.9855769230769231,0.9994212278106508,0.01,520,520
hi,14,all,0.9855769230769231,0.9994212278106508,0.01,520,520
hi,15,unknown,0.9826923076923076,0.9991290680473374,0.01,520,520
hi,15,all,0.9826923076923076,0.9991290680473374,0.01,520,520
hi,16,unknown,0.9807692307692307,0.9989774408284025,0.01,520,520
hi,16,all,0.9807692307692307,0.9989774408284025,0.01,520,520
hi,17,unknown,0.9817307692307692,0.9988923816568047,0.01,520,520
hi,17,all,0.9817307692307692,0.9988923816568047,0.01,520,520
hi,18,unknown,0.9798076923076923,0.9988110207100591,0.01,520,520
hi,18,all,0.9798076923076923,0.9988110207100591,0.01,520,520
hi,19,unknown,0.9788461538461538,0.9987074704142012,0.01,520,520
hi,19,all,0.9788461538461538,0.9987074704142012,0.01,520,520
hi,20,unknown,0.9778846153846154,0.9986335059171598,0.01,520,520
hi,20,all,0.9778846153846154,0.9986335059171598,0.01,520,520
hi,21,unknown,0.9788461538461538,0.998592825443787,0.01,520,520
hi,21,all,0.9788461538461538,0.998592825443787,0.01,520,520
hi,22,unknown,0.9798076923076923,0.9986778846153845,0.01,520,520
hi,22,all,0.9798076923076923,0.9986778846153845,0.01,520,520
hi,23,unknown,0.9788461538461538,0.9985891272189349,0.01,520,520
hi,23,all,0.9788461538461538,0.9985891272189349,0.01,520,520
hi,24,unknown,0.9807692307692307,0.9985558431952662,0.01,520,520
hi,24,all,0.9807692307692307,0.9985558431952662,0.01,520,520
hi,25,unknown,0.9807692307692307,0.998592825443787,0.01,520,520
hi,25,all,0.9807692307692307,0.998592825443787,0.01,520,520
hi,26,unknown,0.9913461538461539,0.9997170857988165,0.1,520,520
hi,26,all,0.9913461538461539,0.9997170857988165,0.1,520,520
hi,27,unknown,0.9826923076923076,0.9986630917159763,0.01,520,520
hi,27,all,0.9826923076923076,0.9986630917159763,0.01,520,520
hi,28,unknown,0.9807692307692307,0.9987185650887573,0.01,520,520
hi,28,all,0.9807692307692307,0.9987185650887573,0.01,520,520
hi,29,unknown,0.9817307692307692,0.9988110207100592,0.01,520,520
hi,29,all,0.9817307692307692,0.9988110207100592,0.01,520,520
hi,30,unknown,0.9855769230769231,0.9989441568047336,0.01,520,520
hi,30,all,0.9855769230769231,0.9989441568047336,0.01,520,520
hi,31,unknown,0.9836538461538461,0.9988627958579881,0.01,520,520
hi,31,all,0.9836538461538461,0.9988627958579881,0.01,520,520
sw,0,unknown,0.9884615384615385,0.9994415680473373,10.0,520,520
sw,0,all,0.9884615384615385,0.9994415680473373,10.0,520,520
sw,1,unknown,0.9355769230769231,0.9862943786982249,0.1,520,520
sw,1,all,0.9355769230769231,0.9862943786982249,0.1,520,520
sw,2,unknown,0.8721153846153846,0.9514681952662722,0.01,520,520
sw,2,all,0.8721153846153846,0.9514681952662722,0.01,520,520
sw,3,unknown,0.9884615384615385,0.9995894970414201,1.0,520,520
sw,3,all,0.9884615384615385,0.9995894970414201,1.0,520,520
sw,4,unknown,0.9817307692307692,0.9987426035502958,0.1,520,520
sw,4,all,0.9817307692307692,0.9987426035502958,0.1,520,520
sw,5,unknown,0.9653846153846154,0.9941235207100592,0.01,520,520
sw,5,all,0.9653846153846154,0.9941235207100592,0.01,520,520
sw,6,unknown,0.9692307692307692,0.9958801775147929,0.01,520,520
sw,6,all,0.9692307692307692,0.9958801775147929,0.01,520,520
sw,7,unknown,0.9769230769230769,0.9970636094674556,0.01,520,520
sw,7,all,0.9769230769230769,0.9970636094674556,0.01,520,520
sw,8,unknown,0.975,0.997289201183432,0.01,520,520
sw,8,all,0.975,0.997289201183432,0.01,520,520
sw,9,unknown,0.9730769230769231,0.9972485207100592,0.01,520,520
sw,9,all,0.9730769230769231,0.9972485207100592,0.01,520,520
sw,10,unknown,0.9730769230769231,0.9974556213017751,0.01,520,520
sw,10,all,0.9730769230769231,0.9974556213017751,0.01,520,520
sw,11,unknown,0.975,0.9973779585798817,0.01,520,520
sw,11,all,0.975,0.9973779585798817,0.01,520,520
sw,12,unknown,0.9769230769230769,0.9974741124260356,0.01,520,520
sw,12,all,0.9769230769230769,0.9974741124260356,0.01,520,520
sw,13,unknown,0.9759615384615384,0.9971338757396451,0.01,520,520
sw,13,all,0.9759615384615384,0.9971338757396451,0.01,520,520
sw,14,unknown,0.9740384615384615,0.9968454142011834,0.01,520,520
sw,14,all,0.9740384615384615,0.9968454142011834,0.01,520,520
sw,15,unknown,0.9682692307692308,0.9960059171597633,0.01,520,520
sw,15,all,0.9682692307692308,0.9960059171597633,0.01,520,520
sw,16,unknown,0.9663461538461539,0.9955362426035503,0.01,520,520
sw,16,all,0.9663461538461539,0.9955362426035503,0.01,520,520
sw,17,unknown,0.9615384615384616,0.995003698224852,0.01,520,520
sw,17,all,0.9615384615384616,0.995003698224852,0.01,520,520
sw,18,unknown,0.9625,0.9947041420118343,0.01,520,520
sw,18,all,0.9625,0.9947041420118343,0.01,520,520
sw,19,unknown,0.9615384615384616,0.9942825443786982,0.01,520,520
sw,19,all,0.9615384615384616,0.9942825443786982,0.01,520,520
sw,20,unknown,0.9576923076923077,0.9937130177514792,0.01,520,520
sw,20,all,0.9576923076923077,0.9937130177514792,0.01,520,520
sw,21,unknown,0.9548076923076924,0.9934578402366864,0.01,520,520
sw,21,all,0.9548076923076924,0.9934578402366864,0.01,520,520
sw,22,unknown,0.9567307692307693,0.9936242603550296,0.01,520,520
sw,22,all,0.9567307692307693,0.9936242603550296,0.01,520,520
sw,23,unknown,0.9557692307692308,0.9934800295857988,0.01,520,520
sw,23,all,0.9557692307692308,0.9934800295857988,0.01,520,520
sw,24,unknown,0.9548076923076924,0.9933394970414201,0.01,520,520
sw,24,all,0.9548076923076924,0.9933394970414201,0.01,520,520
sw,25,unknown,0.9586538461538462,0.9937352071005916,0.01,520,520
sw,25,all,0.9586538461538462,0.9937352071005916,0.01,520,520
sw,26,unknown,0.9567307692307693,0.9938905325443788,0.01,520,520
sw,26,all,0.9567307692307693,0.9938905325443788,0.01,520,520
sw,27,unknown,0.9615384615384616,0.9944452662721893,0.01,520,520
sw,27,all,0.9615384615384616,0.9944452662721893,0.01,520,520
sw,28,unknown,0.9634615384615385,0.994748520710059,0.01,520,520
sw,28,all,0.9634615384615385,0.994748520710059,0.01,520,520
sw,29,unknown,0.9567307692307693,0.9946745562130177,0.01,520,520
sw,29,all,0.9567307692307693,0.9946745562130177,0.01,520,520
sw,30,unknown,0.9567307692307693,0.9945562130177514,0.01,520,520
sw,30,all,0.9567307692307693,0.9945562130177514,0.01,520,520
sw,31,unknown,0.9548076923076924,0.9942381656804734,0.01,520,520
sw,31,all,0.9548076923076924,0.9942381656804734,0.01,520,520
yo,0,unknown,0.9490384615384615,0.9918565088757396,1.0,520,520
yo,0,all,0.9490384615384615,0.9918565088757396,1.0,520,520
yo,1,unknown,0.9605769230769231,0.9947707100591715,1.0,520,520
yo,1,all,0.9605769230769231,0.9947707100591715,1.0,520,520
yo,2,unknown,0.9634615384615385,0.9963720414201184,1.0,520,520
yo,2,all,0.9634615384615385,0.9963720414201184,1.0,520,520
yo,3,unknown,0.9692307692307692,0.9974297337278106,1.0,520,520
yo,3,all,0.9692307692307692,0.9974297337278106,1.0,520,520
yo,4,unknown,0.9567307692307693,0.9940939349112425,0.1,520,520
yo,4,all,0.9567307692307693,0.9940939349112425,0.1,520,520
yo,5,unknown,0.9625,0.9951072485207101,0.1,520,520
yo,5,all,0.9625,0.9951072485207101,0.1,520,520
yo,6,unknown,0.9653846153846154,0.9959652366863905,0.1,520,520
yo,6,all,0.9653846153846154,0.9959652366863905,0.1,520,520
yo,7,unknown,0.9317307692307693,0.9847596153846155,0.01,520,520
yo,7,all,0.9317307692307693,0.9847596153846155,0.01,520,520
yo,8,unknown,0.9432692307692307,0.9877181952662722,0.01,520,520
yo,8,all,0.9432692307692307,0.9877181952662722,0.01,520,520
yo,9,unknown,0.9432692307692307,0.987866124260355,0.01,520,520
yo,9,all,0.9432692307692307,0.987866124260355,0.01,520,520
yo,10,unknown,0.9432692307692307,0.9878402366863904,0.01,520,520
yo,10,all,0.9432692307692307,0.9878402366863904,0.01,520,520
yo,11,unknown,0.9451923076923077,0.987551775147929,0.01,520,520
yo,11,all,0.9451923076923077,0.987551775147929,0.01,520,520
yo,12,unknown,0.9471153846153846,0.9893047337278106,0.01,520,520
yo,12,all,0.9471153846153846,0.9893047337278106,0.01,520,520
yo,13,unknown,0.9375,0.988805473372781,0.01,520,520
yo,13,all,0.9375,0.988805473372781,0.01,520,520
yo,14,unknown,0.9403846153846154,0.9881065088757396,0.01,520,520
yo,14,all,0.9403846153846154,0.9881065088757396,0.01,520,520
yo,15,unknown,0.9673076923076923,0.9967973372781065,0.1,520,520
yo,15,all,0.9673076923076923,0.9967973372781065,0.1,520,520
yo,16,unknown,0.9673076923076923,0.9966531065088757,0.1,520,520
yo,16,all,0.9673076923076923,0.9966531065088757,0.1,520,520
yo,17,unknown,0.9663461538461539,0.9966050295857989,0.1,520,520
yo,17,all,0.9663461538461539,0.9966050295857989,0.1,520,520
yo,18,unknown,0.9692307692307692,0.996457100591716,0.1,520,520
yo,18,all,0.9692307692307692,0.996457100591716,0.1,520,520
yo,19,unknown,0.9663461538461539,0.9961316568047337,0.1,520,520
yo,19,all,0.9663461538461539,0.9961316568047337,0.1,520,520
yo,20,unknown,0.9663461538461539,0.9959060650887572,0.1,520,520
yo,20,all,0.9663461538461539,0.9959060650887572,0.1,520,520
yo,21,unknown,0.9682692307692308,0.9960650887573965,0.1,520,520
yo,21,all,0.9682692307692308,0.9960650887573965,0.1,520,520
yo,22,unknown,0.9673076923076923,0.9961279585798817,0.1,520,520
yo,22,all,0.9673076923076923,0.9961279585798817,0.1,520,520
yo,23,unknown,0.9682692307692308,0.9959652366863906,0.1,520,520
yo,23,all,0.9682692307692308,0.9959652366863906,0.1,520,520
yo,24,unknown,0.9682692307692308,0.995991124260355,0.1,520,520
yo,24,all,0.9682692307692308,0.995991124260355,0.1,520,520
yo,25,unknown,0.9673076923076923,0.9961686390532545,0.1,520,520
yo,25,all,0.9673076923076923,0.9961686390532545,0.1,520,520
yo,26,unknown,0.9682692307692308,0.996457100591716,0.1,520,520
yo,26,all,0.9682692307692308,0.996457100591716,0.1,520,520
yo,27,unknown,0.9663461538461539,0.9963905325443787,0.1,520,520
yo,27,all,0.9663461538461539,0.9963905325443787,0.1,520,520
yo,28,unknown,0.9673076923076923,0.9963461538461539,0.1,520,520
yo,28,all,0.9673076923076923,0.9963461538461539,0.1,520,520
yo,29,unknown,0.9701923076923077,0.9965458579881658,0.1,520,520
yo,29,all,0.9701923076923077,0.9965458579881658,0.1,520,520
yo,30,unknown,0.9711538461538461,0.9966900887573964,0.1,520,520
yo,30,all,0.9711538461538461,0.9966900887573964,0.1,520,520
yo,31,unknown,0.9855769230769231,0.999367603550296,1.0,520,520
yo,31,all,0.9855769230769231,0.999367603550296,1.0,520,520
zu,0,unknown,0.9740384615384615,0.9966235207100591,1.0,520,520
zu,0,all,0.9740384615384615,0.9966235207100591,1.0,520,520
zu,1,unknown,0.9423076923076923,0.9864755917159764,0.1,520,520
zu,1,all,0.9423076923076923,0.9864755917159764,0.1,520,520
zu,2,unknown,0.9442307692307692,0.9894600591715976,0.1,520,520
zu,2,all,0.9442307692307692,0.9894600591715976,0.1,520,520
zu,3,unknown,0.9788461538461538,0.9969341715976332,0.1,520,520
zu,3,all,0.9788461538461538,0.9969341715976332,0.1,520,520
zu,4,unknown,0.9817307692307692,0.9986020710059171,0.1,520,520
zu,4,all,0.9817307692307692,0.9986020710059171,0.1,520,520
zu,5,unknown,0.9875,0.9996523668639054,1.0,520,520
zu,5,all,0.9875,0.9996523668639054,1.0,520,520
zu,6,unknown,0.9826923076923076,0.9990828402366864,0.1,520,520
zu,6,all,0.9826923076923076,0.9990828402366864,0.1,520,520
zu,7,unknown,0.9846153846153847,0.9991457100591715,0.1,520,520
zu,7,all,0.9846153846153847,0.9991457100591715,0.1,520,520
zu,8,unknown,0.9855769230769231,0.9992381656804734,0.1,520,520
zu,8,all,0.9855769230769231,0.9992381656804734,0.1,520,520
zu,9,unknown,0.9721153846153846,0.9957211538461539,0.01,520,520
zu,9,all,0.9721153846153846,0.9957211538461539,0.01,520,520
zu,10,unknown,0.9759615384615384,0.9958801775147929,0.01,520,520
zu,10,all,0.9759615384615384,0.9958801775147929,0.01,520,520
zu,11,unknown,0.9846153846153847,0.9993380177514792,0.1,520,520
zu,11,all,0.9846153846153847,0.9993380177514792,0.1,520,520
zu,12,unknown,0.9759615384615384,0.9960059171597633,0.01,520,520
zu,12,all,0.9759615384615384,0.9960059171597633,0.01,520,520
zu,13,unknown,0.9769230769230769,0.995728550295858,0.01,520,520
zu,13,all,0.9769230769230769,0.995728550295858,0.01,520,520
zu,14,unknown,0.9682692307692308,0.9956582840236687,0.01,520,520
zu,14,all,0.9682692307692308,0.9956582840236687,0.01,520,520
zu,15,unknown,0.9846153846153847,0.9991272189349112,0.1,520,520
zu,15,all,0.9846153846153847,0.9991272189349112,0.1,520,520
zu,16,unknown,0.9644230769230769,0.9937389053254437,0.01,520,520
zu,16,all,0.9644230769230769,0.9937389053254437,0.01,520,520
zu,17,unknown,0.9538461538461539,0.9916531065088758,0.01,520,520
zu,17,all,0.9538461538461539,0.9916531065088758,0.01,520,520
zu,18,unknown,0.9548076923076924,0.9909282544378699,0.01,520,520
zu,18,all,0.9548076923076924,0.9909282544378699,0.01,520,520
zu,19,unknown,0.9509615384615384,0.9907951183431953,0.01,520,520
zu,19,all,0.9509615384615384,0.9907951183431953,0.01,520,520
zu,20,unknown,0.9519230769230769,0.990772928994083,0.01,520,520
zu,20,all,0.9519230769230769,0.990772928994083,0.01,520,520
zu,21,unknown,0.95,0.9902588757396449,0.01,520,520
zu,21,all,0.95,0.9902588757396449,0.01,520,520
zu,22,unknown,0.9548076923076924,0.989530325443787,0.01,520,520
zu,22,all,0.9548076923076924,0.989530325443787,0.01,520,520
zu,23,unknown,0.948076923076923,0.9894119822485208,0.01,520,520
zu,23,all,0.948076923076923,0.9894119822485208,0.01,520,520
zu,24,unknown,0.95,0.9899334319526627,0.01,520,520
zu,24,all,0.95,0.9899334319526627,0.01,520,520
zu,25,unknown,0.9576923076923077,0.9907322485207102,0.01,520,520
zu,25,all,0.9576923076923077,0.9907322485207102,0.01,520,520
zu,26,unknown,0.9846153846153847,0.9989349112426036,0.1,520,520
zu,26,all,0.9846153846153847,0.9989349112426036,0.1,520,520
zu,27,unknown,0.9846153846153847,0.9990458579881657,0.1,520,520
zu,27,all,0.9846153846153847,0.9990458579881657,0.1,520,520
zu,28,unknown,0.9855769230769231,0.9991050295857988,0.1,520,520
zu,28,all,0.9855769230769231,0.9991050295857988,0.1,520,520
zu,29,unknown,0.9605769230769231,0.9932988165680474,0.01,520,520
zu,29,all,0.9605769230769231,0.9932988165680474,0.01,520,520
zu,30,unknown,0.9625,0.993798076923077,0.01,520,520
zu,30,all,0.9625,0.993798076923077,0.01,520,520
zu,31,unknown,0.9846153846153847,0.999064349112426,0.1,520,520
zu,31,all,0.9846153846153847,0.999064349112426,0.1,520,520
gd,0,unknown,0.9221153846153847,0.9808173076923077,0.1,520,520
gd,0,all,0.9221153846153847,0.9808173076923077,0.1,520,520
gd,1,unknown,0.9932692307692308,0.9998742603550296,10.0,520,520
gd,1,all,0.9932692307692308,0.9998742603550296,10.0,520,520
gd,2,unknown,0.9798076923076923,0.9990051775147929,1.0,520,520
gd,2,all,0.9798076923076923,0.9990051775147929,1.0,520,520
gd,3,unknown,0.9730769230769231,0.9969674556213017,0.1,520,520
gd,3,all,0.9730769230769231,0.9969674556213017,0.1,520,520
gd,4,unknown,0.9923076923076923,0.9997263313609468,1.0,520,520
gd,4,all,0.9923076923076923,0.9997263313609468,1.0,520,520
gd,5,unknown,0.9826923076923076,0.9991789940828402,0.1,520,520
gd,5,all,0.9826923076923076,0.9991789940828402,0.1,520,520
gd,6,unknown,0.9836538461538461,0.9992270710059171,0.1,520,520
gd,6,all,0.9836538461538461,0.9992270710059171,0.1,520,520
gd,7,unknown,0.9846153846153847,0.9992788461538461,0.1,520,520
gd,7,all,0.9846153846153847,0.9992788461538461,0.1,520,520
gd,8,unknown,0.9740384615384615,0.9972892011834319,0.01,520,520
gd,8,all,0.9740384615384615,0.9972892011834319,0.01,520,520
gd,9,unknown,0.9711538461538461,0.9975665680473372,0.01,520,520
gd,9,all,0.9711538461538461,0.9975665680473372,0.01,520,520
gd,10,unknown,0.9855769230769231,0.9994563609467455,0.1,520,520
gd,10,all,0.9855769230769231,0.9994563609467455,0.1,520,520
gd,11,unknown,0.9865384615384616,0.9995044378698225,0.1,520,520
gd,11,all,0.9865384615384616,0.9995044378698225,0.1,520,520
gd,12,unknown,0.9730769230769231,0.997814349112426,0.01,520,520
gd,12,all,0.9730769230769231,0.997814349112426,0.01,520,520
gd,13,unknown,0.9730769230769231,0.9976923076923078,0.01,520,520
gd,13,all,0.9730769230769231,0.9976923076923078,0.01,520,520
gd,14,unknown,0.9692307692307692,0.9968971893491124,0.01,520,520
gd,14,all,0.9692307692307692,0.9968971893491124,0.01,520,520
gd,15,unknown,0.9682692307692308,0.9964312130177515,0.01,520,520
gd,15,all,0.9682692307692308,0.9964312130177515,0.01,520,520
gd,16,unknown,0.9653846153846154,0.9956915680473373,0.01,520,520
gd,16,all,0.9653846153846154,0.9956915680473373,0.01,520,520
gd,17,unknown,0.9576923076923077,0.993909023668639,0.01,520,520
gd,17,all,0.9576923076923077,0.993909023668639,0.01,520,520
gd,18,unknown,0.9548076923076924,0.9933764792899408,0.01,520,520
gd,18,all,0.9548076923076924,0.9933764792899408,0.01,520,520
gd,19,unknown,0.9576923076923077,0.9930695266272189,0.01,520,520
gd,19,all,0.9576923076923077,0.9930695266272189,0.01,520,520
gd,20,unknown,0.9576923076923077,0.9927255917159763,0.01,520,520
gd,20,all,0.9576923076923077,0.9927255917159763,0.01,520,520
gd,21,unknown,0.9509615384615384,0.9921190828402366,0.01,520,520
gd,21,all,0.9509615384615384,0.9921190828402366,0.01,520,520
gd,22,unknown,0.9548076923076924,0.9927366863905326,0.01,520,520
gd,22,all,0.9548076923076924,0.9927366863905326,0.01,520,520
gd,23,unknown,0.9557692307692308,0.9929363905325443,0.01,520,520
gd,23,all,0.9557692307692308,0.9929363905325443,0.01,520,520
gd,24,unknown,0.9528846153846153,0.9926257396449705,0.01,520,520
gd,24,all,0.9528846153846153,0.9926257396449705,0.01,520,520
gd,25,unknown,0.9528846153846153,0.9925184911242604,0.01,520,520
gd,25,all,0.9528846153846153,0.9925184911242604,0.01,520,520
gd,26,unknown,0.9519230769230769,0.9930843195266272,0.01,520,520
gd,26,all,0.9519230769230769,0.9930843195266272,0.01,520,520
gd,27,unknown,0.9528846153846153,0.993176775147929,0.01,520,520
gd,27,all,0.9528846153846153,0.993176775147929,0.01,520,520
gd,28,unknown,0.9567307692307693,0.9938424556213018,0.01,520,520
gd,28,all,0.9567307692307693,0.9938424556213018,0.01,520,520
gd,29,unknown,0.9586538461538462,0.9941974852071007,0.01,520,520
gd,29,all,0.9586538461538462,0.9941974852071007,0.01,520,520
gd,30,unknown,0.9625,0.9948594674556213,0.01,520,520
gd,30,all,0.9625,0.9948594674556213,0.01,520,520
gd,31,unknown,0.9615384615384616,0.9947633136094675,0.01,520,520
gd,31,all,0.9615384615384616,0.9947633136094675,0.01,520,520
gn,0,unknown,0.9817307692307692,0.9983154585798817,1.0,520,520
gn,0,all,0.9817307692307692,0.9983154585798817,1.0,520,520
gn,1,unknown,0.9865384615384616,0.998958949704142,1.0,520,520
gn,1,all,0.9865384615384616,0.998958949704142,1.0,520,520
gn,2,unknown,0.9865384615384616,0.9993176775147928,1.0,520,520
gn,2,all,0.9865384615384616,0.9993176775147928,1.0,520,520
gn,3,unknown,0.9375,0.9874352810650888,0.01,520,520
gn,3,all,0.9375,0.9874352810650888,0.01,520,520
gn,4,unknown,0.9605769230769231,0.9942511094674557,0.01,520,520
gn,4,all,0.9605769230769231,0.9942511094674557,0.01,520,520
gn,5,unknown,0.9615384615384616,0.994739275147929,0.01,520,520
gn,5,all,0.9615384615384616,0.994739275147929,0.01,520,520
gn,6,unknown,0.9673076923076923,0.9962148668639053,0.01,520,520
gn,6,all,0.9673076923076923,0.9962148668639053,0.01,520,520
gn,7,unknown,0.9711538461538461,0.9967732988165681,0.01,520,520
gn,7,all,0.9711538461538461,0.9967732988165681,0.01,520,520
gn,8,unknown,0.9721153846153846,0.9968435650887574,0.01,520,520
gn,8,all,0.9721153846153846,0.9968435650887574,0.01,520,520
gn,9,unknown,0.9730769230769231,0.9972281804733728,0.01,520,520
gn,9,all,0.9730769230769231,0.9972281804733728,0.01,520,520
gn,10,unknown,0.9740384615384615,0.9972947485207101,0.01,520,520
gn,10,all,0.9740384615384615,0.9972947485207101,0.01,520,520
gn,11,unknown,0.9721153846153846,0.9972133875739645,0.01,520,520
gn,11,all,0.9721153846153846,0.9972133875739645,0.01,520,520
gn,12,unknown,0.975,0.9974019970414201,0.01,520,520
gn,12,all,0.975,0.9974019970414201,0.01,520,520
gn,13,unknown,0.9730769230769231,0.9970358727810651,0.01,520,520
gn,13,all,0.9730769230769231,0.9970358727810651,0.01,520,520
gn,14,unknown,0.9711538461538461,0.9967659023668639,0.01,520,520
gn,14,all,0.9711538461538461,0.9967659023668639,0.01,520,520
gn,15,unknown,0.9692307692307692,0.9959670857988165,0.01,520,520
gn,15,all,0.9692307692307692,0.9959670857988165,0.01,520,520
gn,16,unknown,0.9653846153846154,0.9952274408284024,0.01,520,520
gn,16,all,0.9653846153846154,0.9952274408284024,0.01,520,520
gn,17,unknown,0.9634615384615385,0.9942622041420118,0.01,520,520
gn,17,all,0.9634615384615385,0.9942622041420118,0.01,520,520
gn,18,unknown,0.9625,0.9937925295857988,0.01,520,520
gn,18,all,0.9625,0.9937925295857988,0.01,520,520
gn,19,unknown,0.9586538461538462,0.9937037721893491,0.01,520,520
gn,19,all,0.9586538461538462,0.9937037721893491,0.01,520,520
gn,20,unknown,0.9596153846153846,0.9926941568047336,0.01,520,520
gn,20,all,0.9596153846153846,0.9926941568047336,0.01,520,520
gn,21,unknown,0.9509615384615384,0.9922725591715976,0.01,520,520
gn,21,all,0.9509615384615384,0.9922725591715976,0.01,520,520
gn,22,unknown,0.9836538461538461,0.9991364644970415,0.1,520,520
gn,22,all,0.9836538461538461,0.9991364644970415,0.1,520,520
gn,23,unknown,0.9509615384615384,0.9919471153846153,0.01,520,520
gn,23,all,0.9509615384615384,0.9919471153846153,0.01,520,520
gn,24,unknown,0.9519230769230769,0.9914256656804733,0.01,520,520
gn,24,all,0.9519230769230769,0.9914256656804733,0.01,520,520
gn,25,unknown,0.95,0.9925277366863906,0.01,520,520
gn,25,all,0.95,0.9925277366863906,0.01,520,520
gn,26,unknown,0.9528846153846153,0.9929456360946745,0.01,520,520
gn,26,all,0.9528846153846153,0.9929456360946745,0.01,520,520
gn,27,unknown,0.9528846153846153,0.9934375,0.01,520,520
gn,27,all,0.9528846153846153,0.9934375,0.01,520,520
gn,28,unknown,0.9586538461538462,0.9938332100591716,0.01,520,520
gn,28,all,0.9586538461538462,0.9938332100591716,0.01,520,520
gn,29,unknown,0.9605769230769231,0.9942806952662722,0.01,520,520
gn,29,all,0.9605769230769231,0.9942806952662722,0.01,520,520
gn,30,unknown,0.9615384615384616,0.9946875,0.01,520,520
gn,30,all,0.9615384615384616,0.9946875,0.01,520,520
gn,31,unknown,0.9596153846153846,0.9940514053254438,0.01,520,520
gn,31,all,0.9596153846153846,0.9940514053254438,0.01,520,520
