tier,layer,component,perturbation,mean_restoration,std_restoration
tier_1,0,attn_out,code_switching,-0.0008249999999999924,0.47324999999999995
tier_1,0,attn_out,standard_translation,0.187275,0.2796
tier_1,0,attn_out,transliteration,0.16494999999999999,0.434025
tier_1,0,mlp_out,code_switching,0.0333,0.466825
tier_1,0,mlp_out,standard_translation,1.7901,3.2535000000000003
tier_1,0,mlp_out,transliteration,0.431,1.046225
tier_1,0,residual,code_switching,0.083875,0.443825
tier_1,0,residual,standard_translation,2.000375,3.681475
tier_1,0,residual,transliteration,0.45625000000000004,1.200875
tier_1,1,attn_out,code_switching,0.157875,0.25785
tier_1,1,attn_out,standard_translation,-0.021650000000000003,0.105425
tier_1,1,attn_out,transliteration,0.16667500000000002,0.36124999999999996
tier_1,1,mlp_out,code_switching,0.013549999999999998,0.3014
tier_1,1,mlp_out,standard_translation,0.114325,0.2176
tier_1,1,mlp_out,transliteration,0.1655,0.5073749999999999
tier_1,1,residual,code_switching,0.231025,0.295375
tier_1,1,residual,standard_translation,2.3377000000000003,4.3114
tier_1,1,residual,transliteration,0.5272,1.161725
tier_1,2,attn_out,code_switching,0.00027500000000000094,0.190425
tier_1,2,attn_out,standard_translation,0.001275,0.166225
tier_1,2,attn_out,transliteration,0.05465,0.119075
tier_1,2,mlp_out,code_switching,0.142175,0.257775
tier_1,2,mlp_out,standard_translation,-0.14434999999999998,0.361225
tier_1,2,mlp_out,transliteration,0.074875,0.3054
tier_1,2,residual,code_switching,0.2454,0.3263
tier_1,2,residual,standard_translation,2.204525,4.040875
tier_1,2,residual,transliteration,0.38480000000000003,0.8003
tier_1,3,attn_out,code_switching,-0.011574999999999995,0.276275
tier_1,3,attn_out,standard_translation,-0.086975,0.195375
tier_1,3,attn_out,transliteration,0.06762500000000002,0.24482500000000001
tier_1,3,mlp_out,code_switching,0.015549999999999994,0.184725
tier_1,3,mlp_out,standard_translation,0.14115,0.316175
tier_1,3,mlp_out,transliteration,0.1033,0.186225
tier_1,3,residual,code_switching,0.08710000000000001,0.405525
tier_1,3,residual,standard_translation,2.101825,3.8320250000000002
tier_1,3,residual,transliteration,0.34425,0.719725
tier_1,4,attn_out,code_switching,0.040825,0.08879999999999999
tier_1,4,attn_out,standard_translation,0.03285,0.14114999999999997
tier_1,4,attn_out,transliteration,0.0708,0.154075
tier_1,4,mlp_out,code_switching,0.024575,0.36065
tier_1,4,mlp_out,standard_translation,-0.18177500000000002,0.2953
tier_1,4,mlp_out,transliteration,0.07975,0.2871
tier_1,4,residual,code_switching,0.10665,0.37670000000000003
tier_1,4,residual,standard_translation,1.973775,3.5953000000000004
tier_1,4,residual,transliteration,0.309575,0.673275
tier_1,5,attn_out,code_switching,0.13265,0.2742
tier_1,5,attn_out,standard_translation,0.553425,1.02495
tier_1,5,attn_out,transliteration,-0.0648,0.144175
tier_1,5,mlp_out,code_switching,0.1611,0.30552499999999994
tier_1,5,mlp_out,standard_translation,-0.0121,0.11970000000000001
tier_1,5,mlp_out,transliteration,0.06459999999999999,0.1611
tier_1,5,residual,code_switching,0.157775,0.53615
tier_1,5,residual,standard_translation,1.77325,3.198975
tier_1,5,residual,transliteration,0.14575,0.38677500000000004
tier_1,6,attn_out,code_switching,0.073125,0.17197500000000002
tier_1,6,attn_out,standard_translation,-0.09885000000000001,0.254175
tier_1,6,attn_out,transliteration,0.013349999999999999,0.087
tier_1,6,mlp_out,code_switching,0.1471,0.267125
tier_1,6,mlp_out,standard_translation,0.175325,0.30545
tier_1,6,mlp_out,transliteration,0.031424999999999995,0.1931
tier_1,6,residual,code_switching,0.180875,0.4841
tier_1,6,residual,standard_translation,1.224825,2.097925
tier_1,6,residual,transliteration,0.120075,0.384
tier_1,7,attn_out,code_switching,0.1104,0.18792499999999998
tier_1,7,attn_out,standard_translation,0.1456,0.18842499999999998
tier_1,7,attn_out,transliteration,-0.042025,0.20415
tier_1,7,mlp_out,code_switching,0.0665,0.13954999999999998
tier_1,7,mlp_out,standard_translation,-0.15645,0.27677500000000005
tier_1,7,mlp_out,transliteration,-0.025375,0.08940000000000001
tier_1,7,residual,code_switching,0.1837,0.520775
tier_1,7,residual,standard_translation,1.032875,1.7919249999999998
tier_1,7,residual,transliteration,0.036275,0.197525
tier_1,8,attn_out,code_switching,0.016925,0.04355
tier_1,8,attn_out,standard_translation,0.0464,0.078675
tier_1,8,attn_out,transliteration,-0.03115,0.091525
tier_1,8,mlp_out,code_switching,0.13565,0.23685
tier_1,8,mlp_out,standard_translation,-0.014725,0.074475
tier_1,8,mlp_out,transliteration,0.037425,0.091975
tier_1,8,residual,code_switching,0.17352499999999998,0.514925
tier_1,8,residual,standard_translation,0.8665249999999999,1.4831999999999999
tier_1,8,residual,transliteration,0.044625,0.19465
tier_1,9,attn_out,code_switching,0.023275,0.079825
tier_1,9,attn_out,standard_translation,0.005574999999999997,0.065075
tier_1,9,attn_out,transliteration,0.0103,0.083
tier_1,9,mlp_out,code_switching,-0.044,0.25815
tier_1,9,mlp_out,standard_translation,-0.01915,0.10577500000000001
tier_1,9,mlp_out,transliteration,-0.0055499999999999985,0.12315
tier_1,9,residual,code_switching,0.17265,0.40647500000000003
tier_1,9,residual,standard_translation,0.747075,1.2589
tier_1,9,residual,transliteration,0.071725,0.2537
tier_1,10,attn_out,code_switching,0.005625,0.080475
tier_1,10,attn_out,standard_translation,0.0601,0.1551
tier_1,10,attn_out,transliteration,-0.00040000000000000105,0.093275
tier_1,10,mlp_out,code_switching,0.011849999999999996,0.1869
tier_1,10,mlp_out,standard_translation,0.012225,0.138075
tier_1,10,mlp_out,transliteration,0.007625000000000003,0.11449999999999999
tier_1,10,residual,code_switching,0.09555,0.34597500000000003
tier_1,10,residual,standard_translation,0.800525,1.399475
tier_1,10,residual,transliteration,0.0796,0.30055
tier_1,11,attn_out,code_switching,0.020925,0.05605
tier_1,11,attn_out,standard_translation,-0.078725,0.16695
tier_1,11,attn_out,transliteration,-0.011075000000000002,0.1422
tier_1,11,mlp_out,code_switching,0.021625,0.12442500000000001
tier_1,11,mlp_out,standard_translation,-0.040725,0.19702499999999998
tier_1,11,mlp_out,transliteration,-0.044774999999999995,0.117125
tier_1,11,residual,code_switching,0.06092499999999999,0.37365000000000004
tier_1,11,residual,standard_translation,0.582475,0.98535
tier_1,11,residual,transliteration,0.0881,0.2731
tier_1,12,attn_out,code_switching,0.014125,0.05084999999999999
tier_1,12,attn_out,standard_translation,-0.0009000000000000002,0.041299999999999996
tier_1,12,attn_out,transliteration,-0.0035499999999999998,0.036725
tier_1,12,mlp_out,code_switching,0.016050000000000002,0.0736
tier_1,12,mlp_out,standard_translation,0.331925,0.5418000000000001
tier_1,12,mlp_out,transliteration,-0.046825,0.13105
tier_1,12,residual,code_switching,0.0398,0.32895
tier_1,12,residual,standard_translation,0.393825,0.647775
tier_1,12,residual,transliteration,0.066775,0.1812
tier_1,13,attn_out,code_switching,-0.006000000000000002,0.05975
tier_1,13,attn_out,standard_translation,-0.06217500000000001,0.098475
tier_1,13,attn_out,transliteration,-0.0017500000000000016,0.1263
tier_1,13,mlp_out,code_switching,0.042525,0.0692
tier_1,13,mlp_out,standard_translation,0.410325,0.704225
tier_1,13,mlp_out,transliteration,-0.050575,0.1321
tier_1,13,residual,code_switching,0.038250000000000006,0.3089
tier_1,13,residual,standard_translation,0.36925,0.6104499999999999
tier_1,13,residual,transliteration,0.056825,0.142725
tier_1,14,attn_out,code_switching,0.0023750000000000004,0.03425
tier_1,14,attn_out,standard_translation,-0.09952499999999999,0.203825
tier_1,14,attn_out,transliteration,0.027549999999999998,0.073975
tier_1,14,mlp_out,code_switching,0.0922,0.119175
tier_1,14,mlp_out,standard_translation,0.0824,0.1457
tier_1,14,mlp_out,transliteration,0.0204,0.09675
tier_1,14,residual,code_switching,0.023899999999999998,0.294225
tier_1,14,residual,standard_translation,0.06507500000000001,0.108775
tier_1,14,residual,transliteration,0.05945,0.183275
tier_1,15,attn_out,code_switching,0.009600000000000001,0.029825
tier_1,15,attn_out,standard_translation,-0.037925,0.08987500000000001
tier_1,15,attn_out,transliteration,0.040025000000000005,0.09245
tier_1,15,mlp_out,code_switching,0.009125,0.053575
tier_1,15,mlp_out,standard_translation,-0.015925,0.058875
tier_1,15,mlp_out,transliteration,0.027875,0.080225
tier_1,15,residual,code_switching,0.054525,0.227875
tier_1,15,residual,standard_translation,-0.0097,0.11695
tier_1,15,residual,transliteration,0.0562,0.16497499999999998
tier_1,16,attn_out,code_switching,-0.00105,0.013000000000000001
tier_1,16,attn_out,standard_translation,0.02115,0.055075000000000006
tier_1,16,attn_out,transliteration,-0.008974999999999999,0.08945
tier_1,16,mlp_out,code_switching,0.018125,0.07505
tier_1,16,mlp_out,standard_translation,-0.08332500000000001,0.21087500000000003
tier_1,16,mlp_out,transliteration,0.061725,0.12667499999999998
tier_1,16,residual,code_switching,0.04625,0.24735000000000001
tier_1,16,residual,standard_translation,-0.27940000000000004,0.614325
tier_1,16,residual,transliteration,0.084475,0.1699
tier_1,17,attn_out,code_switching,-0.0015000000000000002,0.013824999999999999
tier_1,17,attn_out,standard_translation,0.0396,0.084975
tier_1,17,attn_out,transliteration,0.0016000000000000003,0.040174999999999995
tier_1,17,mlp_out,code_switching,0.0254,0.051074999999999995
tier_1,17,mlp_out,standard_translation,0.16920000000000002,0.3441
tier_1,17,mlp_out,transliteration,-0.013274999999999999,0.078175
tier_1,17,residual,code_switching,0.0087,0.1701
tier_1,17,residual,standard_translation,-0.162275,0.395875
tier_1,17,residual,transliteration,0.05905,0.114425
tier_1,18,attn_out,code_switching,0.0006000000000000001,0.008525
tier_1,18,attn_out,standard_translation,-0.010225,0.031825
tier_1,18,attn_out,transliteration,-0.0055249999999999995,0.018025
tier_1,18,mlp_out,code_switching,0.011199999999999998,0.0499
tier_1,18,mlp_out,standard_translation,0.05915,0.110525
tier_1,18,mlp_out,transliteration,0.009175,0.02375
tier_1,18,residual,code_switching,0.017550000000000003,0.133325
tier_1,18,residual,standard_translation,-0.126025,0.315975
tier_1,18,residual,transliteration,0.039775,0.11349999999999999
tier_1,19,attn_out,code_switching,-0.001,0.0083
tier_1,19,attn_out,standard_translation,-0.016524999999999998,0.0265
tier_1,19,attn_out,transliteration,-0.014025,0.024975
tier_1,19,mlp_out,code_switching,0.00915,0.024275
tier_1,19,mlp_out,standard_translation,0.1163,0.2062
tier_1,19,mlp_out,transliteration,-0.034425000000000004,0.095775
tier_1,19,residual,code_switching,0.02305,0.1152
tier_1,19,residual,standard_translation,-0.146975,0.366275
tier_1,19,residual,transliteration,0.0006999999999999992,0.0669
tier_1,20,attn_out,code_switching,0.01175,0.043800000000000006
tier_1,20,attn_out,standard_translation,0.01575,0.023950000000000003
tier_1,20,attn_out,transliteration,-0.00365,0.016825
tier_1,20,mlp_out,code_switching,-0.0027500000000000003,0.01875
tier_1,20,mlp_out,standard_translation,0.162175,0.31325000000000003
tier_1,20,mlp_out,transliteration,0.01975,0.055425
tier_1,20,residual,code_switching,0.01445,0.099525
tier_1,20,residual,standard_translation,-0.18184999999999998,0.42807500000000004
tier_1,20,residual,transliteration,-0.013624999999999998,0.047725000000000004
tier_1,21,attn_out,code_switching,-0.006699999999999999,0.013499999999999998
tier_1,21,attn_out,standard_translation,0.019525000000000004,0.0444
tier_1,21,attn_out,transliteration,-0.0076749999999999995,0.014425
tier_1,21,mlp_out,code_switching,-0.0024249999999999996,0.0154
tier_1,21,mlp_out,standard_translation,-0.028225,0.070275
tier_1,21,mlp_out,transliteration,0.01255,0.0393
tier_1,21,residual,code_switching,-0.008149999999999998,0.13405
tier_1,21,residual,standard_translation,-0.233875,0.49165
tier_1,21,residual,transliteration,-0.01415,0.04435
tier_1,22,attn_out,code_switching,-0.000825,0.00345
tier_1,22,attn_out,standard_translation,-0.0055249999999999995,0.010325
tier_1,22,attn_out,transliteration,-0.00305,0.014575000000000001
tier_1,22,mlp_out,code_switching,-0.0108,0.030525
tier_1,22,mlp_out,standard_translation,0.032375,0.07
tier_1,22,mlp_out,transliteration,0.010150000000000001,0.036074999999999996
tier_1,22,residual,code_switching,-0.0054750000000000024,0.12539999999999998
tier_1,22,residual,standard_translation,-0.27345,0.558675
tier_1,22,residual,transliteration,-0.029124999999999998,0.044775
tier_1,23,attn_out,code_switching,-0.0029,0.008624999999999999
tier_1,23,attn_out,standard_translation,0.096625,0.2028
tier_1,23,attn_out,transliteration,0.0016499999999999998,0.018099999999999998
tier_1,23,mlp_out,code_switching,-0.00455,0.028999999999999998
tier_1,23,mlp_out,standard_translation,0.04865,0.0912
tier_1,23,mlp_out,transliteration,0.007825,0.0246
tier_1,23,residual,code_switching,-0.002275000000000001,0.117725
tier_1,23,residual,standard_translation,-0.32935000000000003,0.663575
tier_1,23,residual,transliteration,-0.034625,0.046924999999999994
tier_1,24,attn_out,code_switching,0.0032,0.005625
tier_1,24,attn_out,standard_translation,-0.02515,0.0562
tier_1,24,attn_out,transliteration,-0.005199999999999999,0.034824999999999995
tier_1,24,mlp_out,code_switching,-0.00795,0.025375
tier_1,24,mlp_out,standard_translation,0.022875000000000003,0.057275000000000006
tier_1,24,mlp_out,transliteration,0.009825,0.048975000000000005
tier_1,24,residual,code_switching,0.005725000000000001,0.091775
tier_1,24,residual,standard_translation,-0.30705,0.608475
tier_1,24,residual,transliteration,-0.030075,0.0409
tier_1,25,attn_out,code_switching,-0.004200000000000001,0.0098
tier_1,25,attn_out,standard_translation,-0.00825,0.019299999999999998
tier_1,25,attn_out,transliteration,0.0035,0.0216
tier_1,25,mlp_out,code_switching,-0.002425,0.0152
tier_1,25,mlp_out,standard_translation,-0.16809999999999997,0.34890000000000004
tier_1,25,mlp_out,transliteration,-0.01475,0.028999999999999998
tier_1,25,residual,code_switching,0.010725,0.08877499999999999
tier_1,25,residual,standard_translation,-0.3075,0.60615
tier_1,25,residual,transliteration,-0.033125,0.04685
tier_1,26,attn_out,code_switching,0.0016,0.003425
tier_1,26,attn_out,standard_translation,-0.01315,0.0276
tier_1,26,attn_out,transliteration,-0.0027250000000000004,0.012125
tier_1,26,mlp_out,code_switching,-0.006425,0.020475
tier_1,26,mlp_out,standard_translation,-0.084,0.163875
tier_1,26,mlp_out,transliteration,-0.0004750000000000006,0.040775
tier_1,26,residual,code_switching,0.0114,0.09712499999999999
tier_1,26,residual,standard_translation,-0.32842499999999997,0.6408750000000001
tier_1,26,residual,transliteration,-0.02665,0.039975
tier_1,27,attn_out,code_switching,0.0011249999999999997,0.006025
tier_1,27,attn_out,standard_translation,0.000275,0.004274999999999999
tier_1,27,attn_out,transliteration,-0.014125,0.050075
tier_1,27,mlp_out,code_switching,-0.015674999999999998,0.02795
tier_1,27,mlp_out,standard_translation,0.03705,0.09422499999999999
tier_1,27,mlp_out,transliteration,-0.0015500000000000002,0.029400000000000003
tier_1,27,residual,code_switching,-0.0172,0.051449999999999996
tier_1,27,residual,standard_translation,-0.31110000000000004,0.60845
tier_1,27,residual,transliteration,-0.023425,0.038474999999999995
tier_1,28,attn_out,code_switching,0.0005500000000000001,0.006
tier_1,28,attn_out,standard_translation,0.04555,0.090525
tier_1,28,attn_out,transliteration,-0.001625,0.009899999999999999
tier_1,28,mlp_out,code_switching,-0.00155,0.0075250000000000004
tier_1,28,mlp_out,standard_translation,-0.07957499999999999,0.15135
tier_1,28,mlp_out,transliteration,-0.016025,0.020649999999999998
tier_1,28,residual,code_switching,-0.01175,0.038075
tier_1,28,residual,standard_translation,-0.1603,0.318275
tier_1,28,residual,transliteration,-0.023075,0.033875
tier_1,29,attn_out,code_switching,-0.0007750000000000001,0.0029249999999999996
tier_1,29,attn_out,standard_translation,0.059825,0.1138
tier_1,29,attn_out,transliteration,-7.50000000000002e-05,0.01345
tier_1,29,mlp_out,code_switching,-0.0008500000000000002,0.0056749999999999995
tier_1,29,mlp_out,standard_translation,-0.04100000000000001,0.07527500000000001
tier_1,29,mlp_out,transliteration,-0.0005500000000000019,0.040100000000000004
tier_1,29,residual,code_switching,-0.01265,0.032
tier_1,29,residual,standard_translation,-0.16697499999999998,0.329025
tier_1,29,residual,transliteration,-0.015,0.0314
tier_1,30,attn_out,code_switching,0.00095,0.002175
tier_1,30,attn_out,standard_translation,0.0032500000000000003,0.011125
tier_1,30,attn_out,transliteration,-0.0023250000000000002,0.0103
tier_1,30,mlp_out,code_switching,0.003975,0.01015
tier_1,30,mlp_out,standard_translation,-0.045375,0.09535
tier_1,30,mlp_out,transliteration,-0.0028,0.018424999999999997
tier_1,30,residual,code_switching,-0.015175,0.038724999999999996
tier_1,30,residual,standard_translation,-0.121275,0.246275
tier_1,30,residual,transliteration,-0.011125,0.03745
tier_1,31,attn_out,code_switching,0.0,0.0
tier_1,31,attn_out,standard_translation,0.0,0.0
tier_1,31,attn_out,transliteration,0.0,0.0
tier_1,31,mlp_out,code_switching,0.0,0.0
tier_1,31,mlp_out,standard_translation,0.0,0.0
tier_1,31,mlp_out,transliteration,0.0,0.0
tier_1,31,residual,code_switching,0.0,0.0
tier_1,31,residual,standard_translation,0.0,0.0
tier_1,31,residual,transliteration,0.0,0.0
tier_2,0,attn_out,code_switching,0.06975,0.2844
tier_2,0,attn_out,standard_translation,0.089175,0.22595
tier_2,0,attn_out,transliteration,0.04595,0.10425
tier_2,0,mlp_out,code_switching,0.292875,0.4715
tier_2,0,mlp_out,standard_translation,0.611,0.9092749999999999
tier_2,0,mlp_out,transliteration,0.6695749999999999,1.560925
tier_2,0,residual,code_switching,0.30017499999999997,0.47455
tier_2,0,residual,standard_translation,0.5435,0.9433
tier_2,0,residual,transliteration,0.70655,1.7816500000000002
tier_2,1,attn_out,code_switching,0.1036,0.20585
tier_2,1,attn_out,standard_translation,-0.15795,0.2484
tier_2,1,attn_out,transliteration,-0.20497500000000002,0.5938
tier_2,1,mlp_out,code_switching,0.110875,0.287575
tier_2,1,mlp_out,standard_translation,0.094075,0.116475
tier_2,1,mlp_out,transliteration,0.063575,0.16497499999999998
tier_2,1,residual,code_switching,0.267,0.383425
tier_2,1,residual,standard_translation,0.48065,0.91655
tier_2,1,residual,transliteration,0.44642499999999996,1.432175
tier_2,2,attn_out,code_switching,0.08575,0.161925
tier_2,2,attn_out,standard_translation,0.136325,0.2607
tier_2,2,attn_out,transliteration,-0.22579999999999997,0.4503
tier_2,2,mlp_out,code_switching,0.061925,0.162225
tier_2,2,mlp_out,standard_translation,-0.023500000000000004,0.126175
tier_2,2,mlp_out,transliteration,0.12125000000000001,0.301675
tier_2,2,residual,code_switching,0.2823,0.451675
tier_2,2,residual,standard_translation,0.43865000000000004,0.694775
tier_2,2,residual,transliteration,0.407175,1.1773500000000001
tier_2,3,attn_out,code_switching,0.004575,0.07342499999999999
tier_2,3,attn_out,standard_translation,-0.015600000000000004,0.104375
tier_2,3,attn_out,transliteration,-0.091125,0.180425
tier_2,3,mlp_out,code_switching,0.0581,0.22405
tier_2,3,mlp_out,standard_translation,-0.21655,0.277875
tier_2,3,mlp_out,transliteration,0.06135,0.14825
tier_2,3,residual,code_switching,0.2253,0.42755
tier_2,3,residual,standard_translation,0.27645000000000003,0.35324999999999995
tier_2,3,residual,transliteration,0.38117500000000004,1.102725
tier_2,4,attn_out,code_switching,-0.028175,0.0398
tier_2,4,attn_out,standard_translation,0.01455,0.03605
tier_2,4,attn_out,transliteration,-0.053925,0.204725
tier_2,4,mlp_out,code_switching,0.12614999999999998,0.14035
tier_2,4,mlp_out,standard_translation,-0.06472499999999999,0.1703
tier_2,4,mlp_out,transliteration,0.02257500000000001,0.263325
tier_2,4,residual,code_switching,0.197925,0.396625
tier_2,4,residual,standard_translation,0.18335,0.2129
tier_2,4,residual,transliteration,0.372575,0.975525
tier_2,5,attn_out,code_switching,0.007925000000000001,0.08035
tier_2,5,attn_out,standard_translation,-0.1514,0.199875
tier_2,5,attn_out,transliteration,-0.10149999999999999,0.215475
tier_2,5,mlp_out,code_switching,0.0006999999999999992,0.14300000000000002
tier_2,5,mlp_out,standard_translation,0.0077,0.065025
tier_2,5,mlp_out,transliteration,0.09385000000000002,0.22962499999999997
tier_2,5,residual,code_switching,0.1765,0.39740000000000003
tier_2,5,residual,standard_translation,0.094775,0.334575
tier_2,5,residual,transliteration,0.44525,1.0605250000000002
tier_2,6,attn_out,code_switching,-0.014900000000000004,0.133075
tier_2,6,attn_out,standard_translation,-0.106925,0.13715
tier_2,6,attn_out,transliteration,-0.1638,0.2907
tier_2,6,mlp_out,code_switching,0.06525,0.233975
tier_2,6,mlp_out,standard_translation,-0.136625,0.2333
tier_2,6,mlp_out,transliteration,0.22175,0.33875
tier_2,6,residual,code_switching,0.1728,0.432975
tier_2,6,residual,standard_translation,0.31085,0.388075
tier_2,6,residual,transliteration,0.329525,0.8179250000000001
tier_2,7,attn_out,code_switching,-0.013824999999999999,0.065
tier_2,7,attn_out,standard_translation,0.13995000000000002,0.320475
tier_2,7,attn_out,transliteration,-0.169925,0.36629999999999996
tier_2,7,mlp_out,code_switching,0.023725,0.111725
tier_2,7,mlp_out,standard_translation,-0.18967499999999998,0.485675
tier_2,7,mlp_out,transliteration,0.1041,0.147725
tier_2,7,residual,code_switching,0.184175,0.45735000000000003
tier_2,7,residual,standard_translation,0.30429999999999996,0.34207499999999996
tier_2,7,residual,transliteration,0.24985000000000002,0.506725
tier_2,8,attn_out,code_switching,0.010925,0.039025000000000004
tier_2,8,attn_out,standard_translation,0.0471,0.11397499999999999
tier_2,8,attn_out,transliteration,-0.029375000000000002,0.098825
tier_2,8,mlp_out,code_switching,0.018075,0.22752499999999998
tier_2,8,mlp_out,standard_translation,0.122275,0.2132
tier_2,8,mlp_out,transliteration,0.251725,0.454075
tier_2,8,residual,code_switching,0.19995000000000002,0.4946
tier_2,8,residual,standard_translation,0.27864999999999995,0.34354999999999997
tier_2,8,residual,transliteration,0.27497499999999997,0.527325
tier_2,9,attn_out,code_switching,0.025775,0.050725000000000006
tier_2,9,attn_out,standard_translation,0.009075,0.11585
tier_2,9,attn_out,transliteration,-0.0502,0.112975
tier_2,9,mlp_out,code_switching,0.0224,0.116725
tier_2,9,mlp_out,standard_translation,0.238275,0.365
tier_2,9,mlp_out,transliteration,0.063225,0.1233
tier_2,9,residual,code_switching,0.172125,0.374825
tier_2,9,residual,standard_translation,0.3918,0.6135499999999999
tier_2,9,residual,transliteration,0.23425,0.404
tier_2,10,attn_out,code_switching,-0.015449999999999998,0.0407
tier_2,10,attn_out,standard_translation,0.117475,0.261575
tier_2,10,attn_out,transliteration,-0.051574999999999996,0.2284
tier_2,10,mlp_out,code_switching,0.02815,0.05905
tier_2,10,mlp_out,standard_translation,0.08165,0.33235000000000003
tier_2,10,mlp_out,transliteration,-0.035,0.4134
tier_2,10,residual,code_switching,0.15637500000000001,0.33809999999999996
tier_2,10,residual,standard_translation,0.412975,0.737175
tier_2,10,residual,transliteration,0.20170000000000002,0.3433
tier_2,11,attn_out,code_switching,0.0025749999999999996,0.030725000000000002
tier_2,11,attn_out,standard_translation,0.0014000000000000002,0.097075
tier_2,11,attn_out,transliteration,0.077625,0.125225
tier_2,11,mlp_out,code_switching,0.0018249999999999998,0.055475
tier_2,11,mlp_out,standard_translation,0.320075,0.647775
tier_2,11,mlp_out,transliteration,-0.34715,0.715025
tier_2,11,residual,code_switching,0.152225,0.36565
tier_2,11,residual,standard_translation,0.41759999999999997,0.8958999999999999
tier_2,11,residual,transliteration,0.19665000000000002,0.322225
tier_2,12,attn_out,code_switching,-0.0081,0.02785
tier_2,12,attn_out,standard_translation,-0.04145,0.115825
tier_2,12,attn_out,transliteration,-0.029675,0.19105
tier_2,12,mlp_out,code_switching,0.065925,0.101325
tier_2,12,mlp_out,standard_translation,0.090975,0.27885
tier_2,12,mlp_out,transliteration,-0.1547,0.327125
tier_2,12,residual,code_switching,0.1409,0.34645000000000004
tier_2,12,residual,standard_translation,0.406475,0.8892
tier_2,12,residual,transliteration,0.10984999999999999,0.526625
tier_2,13,attn_out,code_switching,0.005825,0.011375
tier_2,13,attn_out,standard_translation,0.023200000000000002,0.11287499999999999
tier_2,13,attn_out,transliteration,-0.08155000000000001,0.363025
tier_2,13,mlp_out,code_switching,0.037375,0.07295
tier_2,13,mlp_out,standard_translation,0.09857500000000001,0.39565
tier_2,13,mlp_out,transliteration,0.04014999999999999,0.405775
tier_2,13,residual,code_switching,0.141475,0.374925
tier_2,13,residual,standard_translation,0.430325,0.96055
tier_2,13,residual,transliteration,0.08762500000000001,0.569875
tier_2,14,attn_out,code_switching,0.005050000000000001,0.010575000000000001
tier_2,14,attn_out,standard_translation,-0.026875,0.043975
tier_2,14,attn_out,transliteration,0.045075000000000004,0.09115000000000001
tier_2,14,mlp_out,code_switching,0.00275,0.0675
tier_2,14,mlp_out,standard_translation,0.029075,0.20175
tier_2,14,mlp_out,transliteration,-0.26665,0.5628
tier_2,14,residual,code_switching,0.1281,0.34704999999999997
tier_2,14,residual,standard_translation,0.489775,0.99
tier_2,14,residual,transliteration,0.0021250000000000123,0.70095
tier_2,15,attn_out,code_switching,0.009925,0.010624999999999999
tier_2,15,attn_out,standard_translation,-0.0077,0.064825
tier_2,15,attn_out,transliteration,-0.075425,0.2271
tier_2,15,mlp_out,code_switching,-0.002625,0.03375
tier_2,15,mlp_out,standard_translation,0.16847499999999999,0.3101
tier_2,15,mlp_out,transliteration,-0.10902499999999998,0.28095000000000003
tier_2,15,residual,code_switching,0.13772500000000001,0.3581
tier_2,15,residual,standard_translation,0.31575,0.6918
tier_2,15,residual,transliteration,-0.031849999999999996,0.68415
tier_2,16,attn_out,code_switching,-0.00115,0.014175
tier_2,16,attn_out,standard_translation,-0.003175,0.03065
tier_2,16,attn_out,transliteration,-0.038424999999999994,0.153425
tier_2,16,mlp_out,code_switching,0.0065249999999999996,0.029975
tier_2,16,mlp_out,standard_translation,0.17407500000000004,0.30310000000000004
tier_2,16,mlp_out,transliteration,-0.038525000000000004,0.24315
tier_2,16,residual,code_switching,0.1415,0.37055
tier_2,16,residual,standard_translation,0.21247499999999997,0.5312
tier_2,16,residual,transliteration,-0.131825,0.84895
tier_2,17,attn_out,code_switching,0.00125,0.007475
tier_2,17,attn_out,standard_translation,-0.004725,0.007474999999999999
tier_2,17,attn_out,transliteration,0.010324999999999999,0.11637499999999999
tier_2,17,mlp_out,code_switching,0.0111,0.021075
tier_2,17,mlp_out,standard_translation,0.05485,0.0741
tier_2,17,mlp_out,transliteration,-0.08080000000000001,0.275825
tier_2,17,residual,code_switching,0.154325,0.31010000000000004
tier_2,17,residual,standard_translation,-0.006075,0.105725
tier_2,17,residual,transliteration,-0.09347499999999999,0.509775
tier_2,18,attn_out,code_switching,-0.007475,0.0185
tier_2,18,attn_out,standard_translation,-0.003425,0.01965
tier_2,18,attn_out,transliteration,-0.0133,0.106675
tier_2,18,mlp_out,code_switching,0.013275,0.068525
tier_2,18,mlp_out,standard_translation,0.032350000000000004,0.06457500000000001
tier_2,18,mlp_out,transliteration,-0.08789999999999999,0.21707500000000002
tier_2,18,residual,code_switching,0.16012500000000002,0.319675
tier_2,18,residual,standard_translation,-0.00505,0.1502
tier_2,18,residual,transliteration,-0.07300000000000001,0.44420000000000004
tier_2,19,attn_out,code_switching,0.0020499999999999997,0.009225
tier_2,19,attn_out,standard_translation,0.016025,0.03215
tier_2,19,attn_out,transliteration,0.03749999999999999,0.063675
tier_2,19,mlp_out,code_switching,0.023525,0.05485
tier_2,19,mlp_out,standard_translation,-0.019424999999999998,0.04725
tier_2,19,mlp_out,transliteration,-0.04505000000000001,0.192525
tier_2,19,residual,code_switching,0.16352499999999998,0.31584999999999996
tier_2,19,residual,standard_translation,0.04832500000000001,0.1108
tier_2,19,residual,transliteration,-0.053475,0.27975
tier_2,20,attn_out,code_switching,0.0021,0.010675
tier_2,20,attn_out,standard_translation,0.033249999999999995,0.05405
tier_2,20,attn_out,transliteration,-0.008975,0.033925000000000004
tier_2,20,mlp_out,code_switching,0.00037500000000000033,0.02325
tier_2,20,mlp_out,standard_translation,0.05145,0.08285
tier_2,20,mlp_out,transliteration,0.025875,0.039075
tier_2,20,residual,code_switching,0.1416,0.2759
tier_2,20,residual,standard_translation,0.145175,0.245775
tier_2,20,residual,transliteration,-0.0794,0.26375
tier_2,21,attn_out,code_switching,-0.0013,0.004825
tier_2,21,attn_out,standard_translation,0.022925,0.048825
tier_2,21,attn_out,transliteration,-0.029525,0.08159999999999999
tier_2,21,mlp_out,code_switching,-0.00065,0.011825
tier_2,21,mlp_out,standard_translation,-0.0062499999999999995,0.018275
tier_2,21,mlp_out,transliteration,0.01035,0.0535
tier_2,21,residual,code_switching,0.129625,0.25895
tier_2,21,residual,standard_translation,0.086275,0.13765
tier_2,21,residual,transliteration,-0.0553,0.19339999999999996
tier_2,22,attn_out,code_switching,0.00015000000000000001,0.0020499999999999997
tier_2,22,attn_out,standard_translation,-0.007475000000000001,0.017950000000000004
tier_2,22,attn_out,transliteration,-0.035,0.08085
tier_2,22,mlp_out,code_switching,0.00595,0.012525
tier_2,22,mlp_out,standard_translation,-0.0194,0.036425
tier_2,22,mlp_out,transliteration,-0.0021749999999999994,0.055425
tier_2,22,residual,code_switching,0.13624999999999998,0.27455
tier_2,22,residual,standard_translation,0.09165000000000001,0.13495000000000001
tier_2,22,residual,transliteration,-0.048375,0.193425
tier_2,23,attn_out,code_switching,-0.00105,0.005375
tier_2,23,attn_out,standard_translation,0.00635,0.009175
tier_2,23,attn_out,transliteration,-0.017975,0.074975
tier_2,23,mlp_out,code_switching,-0.004625,0.020775
tier_2,23,mlp_out,standard_translation,0.015099999999999999,0.056924999999999996
tier_2,23,mlp_out,transliteration,-0.007350000000000001,0.028
tier_2,23,residual,code_switching,0.13075,0.259125
tier_2,23,residual,standard_translation,0.070025,0.1316
tier_2,23,residual,transliteration,-0.06255,0.19692500000000002
tier_2,24,attn_out,code_switching,4.9999999999999996e-05,0.0033750000000000004
tier_2,24,attn_out,standard_translation,0.0031,0.004975
tier_2,24,attn_out,transliteration,-0.04185,0.08285
tier_2,24,mlp_out,code_switching,-0.0011,0.0051
tier_2,24,mlp_out,standard_translation,-0.022625,0.04819999999999999
tier_2,24,mlp_out,transliteration,-0.057175,0.135925
tier_2,24,residual,code_switching,0.140125,0.281425
tier_2,24,residual,standard_translation,0.0538,0.10085
tier_2,24,residual,transliteration,-0.056150000000000005,0.17887499999999998
tier_2,25,attn_out,code_switching,0.000925,0.0033
tier_2,25,attn_out,standard_translation,-0.0015499999999999997,0.010875000000000001
tier_2,25,attn_out,transliteration,0.018475,0.06472499999999999
tier_2,25,mlp_out,code_switching,0.00455,0.0114
tier_2,25,mlp_out,standard_translation,0.025900000000000003,0.052075
tier_2,25,mlp_out,transliteration,-0.04404999999999999,0.110325
tier_2,25,residual,code_switching,0.1396,0.28275
tier_2,25,residual,standard_translation,0.060425,0.08915
tier_2,25,residual,transliteration,-0.06455,0.19697499999999998
tier_2,26,attn_out,code_switching,0.0007000000000000001,0.0060750000000000005
tier_2,26,attn_out,standard_translation,0.01195,0.021825
tier_2,26,attn_out,transliteration,0.018150000000000003,0.0776
tier_2,26,mlp_out,code_switching,0.004625,0.012475
tier_2,26,mlp_out,standard_translation,0.0072250000000000005,0.026225000000000002
tier_2,26,mlp_out,transliteration,-0.097875,0.225075
tier_2,26,residual,code_switching,0.139475,0.2812
tier_2,26,residual,standard_translation,0.04700000000000001,0.087475
tier_2,26,residual,transliteration,-0.086075,0.2544
tier_2,27,attn_out,code_switching,0.0006000000000000001,0.00275
tier_2,27,attn_out,standard_translation,-0.010525,0.0213
tier_2,27,attn_out,transliteration,0.024575,0.06745
tier_2,27,mlp_out,code_switching,-0.0042,0.00575
tier_2,27,mlp_out,standard_translation,0.015450000000000002,0.03975
tier_2,27,mlp_out,transliteration,-0.0154,0.05665
tier_2,27,residual,code_switching,0.038000000000000006,0.08335
tier_2,27,residual,standard_translation,0.0329,0.0772
tier_2,27,residual,transliteration,-0.09115,0.241525
tier_2,28,attn_out,code_switching,-0.0014,0.00235
tier_2,28,attn_out,standard_translation,-0.016775,0.027025
tier_2,28,attn_out,transliteration,0.0265,0.085225
tier_2,28,mlp_out,code_switching,-0.00015000000000000007,0.0032500000000000003
tier_2,28,mlp_out,standard_translation,-0.0199,0.040925
tier_2,28,mlp_out,transliteration,-0.03675,0.146625
tier_2,28,residual,code_switching,0.020550000000000002,0.0506
tier_2,28,residual,standard_translation,0.024524999999999995,0.061900000000000004
tier_2,28,residual,transliteration,-0.127025,0.271575
tier_2,29,attn_out,code_switching,-0.001025,0.004
tier_2,29,attn_out,standard_translation,0.005275,0.00915
tier_2,29,attn_out,transliteration,0.008049999999999998,0.0408
tier_2,29,mlp_out,code_switching,-0.002725,0.004275
tier_2,29,mlp_out,standard_translation,0.0008749999999999999,0.01925
tier_2,29,mlp_out,transliteration,-0.024675000000000002,0.078525
tier_2,29,residual,code_switching,-0.001275,0.011925
tier_2,29,residual,standard_translation,-0.017175,0.0411
tier_2,29,residual,transliteration,-0.10710000000000001,0.2526
tier_2,30,attn_out,code_switching,0.000325,0.000925
tier_2,30,attn_out,standard_translation,0.00425,0.00915
tier_2,30,attn_out,transliteration,-0.0028249999999999994,0.022375
tier_2,30,mlp_out,code_switching,-0.0008500000000000001,0.0028250000000000003
tier_2,30,mlp_out,standard_translation,-0.0018249999999999998,0.00765
tier_2,30,mlp_out,transliteration,-0.005449999999999998,0.10402499999999999
tier_2,30,residual,code_switching,-0.0018,0.007549999999999999
tier_2,30,residual,standard_translation,-0.010325,0.0192
tier_2,30,residual,transliteration,-0.032325,0.155925
tier_2,31,attn_out,code_switching,0.0,0.0
tier_2,31,attn_out,standard_translation,0.0,0.0
tier_2,31,attn_out,transliteration,0.0,0.0
tier_2,31,mlp_out,code_switching,0.0,0.0
tier_2,31,mlp_out,standard_translation,0.0,0.0
tier_2,31,mlp_out,transliteration,0.0,0.0
tier_2,31,residual,code_switching,0.0,0.0
tier_2,31,residual,standard_translation,0.0,0.0
tier_2,31,residual,transliteration,0.0,0.0
tier_3,0,attn_out,code_switching,0.0732,0.250825
tier_3,0,attn_out,standard_translation,0.006175000000000001,0.06685
tier_3,0,attn_out,transliteration,0.026225,0.18475000000000003
tier_3,0,mlp_out,code_switching,0.22877499999999998,0.44815
tier_3,0,mlp_out,standard_translation,0.009975000000000001,0.20695
tier_3,0,mlp_out,transliteration,0.04725,0.5853999999999999
tier_3,0,residual,code_switching,0.21280000000000002,0.38095
tier_3,0,residual,standard_translation,0.0281,0.18382500000000002
tier_3,0,residual,transliteration,0.209125,0.7974500000000001
tier_3,1,attn_out,code_switching,0.0079,0.04075
tier_3,1,attn_out,standard_translation,-0.024925,0.052475
tier_3,1,attn_out,transliteration,-0.11772499999999998,0.2243
tier_3,1,mlp_out,code_switching,0.09395,0.176375
tier_3,1,mlp_out,standard_translation,-0.009275,0.061825
tier_3,1,mlp_out,transliteration,-0.018575000000000005,0.170975
tier_3,1,residual,code_switching,0.2409,0.39722499999999994
tier_3,1,residual,standard_translation,0.055874999999999994,0.16324999999999998
tier_3,1,residual,transliteration,0.13470000000000001,0.840225
tier_3,2,attn_out,code_switching,0.051699999999999996,0.086375
tier_3,2,attn_out,standard_translation,-0.027025,0.032875
tier_3,2,attn_out,transliteration,-0.015574999999999999,0.1653
tier_3,2,mlp_out,code_switching,0.015749999999999997,0.12975
tier_3,2,mlp_out,standard_translation,-0.03745,0.054375
tier_3,2,mlp_out,transliteration,-0.026575,0.13875
tier_3,2,residual,code_switching,0.254075,0.3577
tier_3,2,residual,standard_translation,0.08990000000000001,0.191
tier_3,2,residual,transliteration,0.132975,0.7155
tier_3,3,attn_out,code_switching,0.0548,0.140725
tier_3,3,attn_out,standard_translation,0.006875,0.0335
tier_3,3,attn_out,transliteration,0.024675000000000002,0.112475
tier_3,3,mlp_out,code_switching,0.015800000000000005,0.1614
tier_3,3,mlp_out,standard_translation,-0.03935,0.059425000000000006
tier_3,3,mlp_out,transliteration,0.016125000000000004,0.156925
tier_3,3,residual,code_switching,0.29525,0.375575
tier_3,3,residual,standard_translation,0.1025,0.20775
tier_3,3,residual,transliteration,0.150975,0.7159
tier_3,4,attn_out,code_switching,0.009925000000000002,0.046875
tier_3,4,attn_out,standard_translation,0.001925,0.01535
tier_3,4,attn_out,transliteration,0.0056,0.054150000000000004
tier_3,4,mlp_out,code_switching,0.055349999999999996,0.067425
tier_3,4,mlp_out,standard_translation,-0.030424999999999997,0.0824
tier_3,4,mlp_out,transliteration,0.016099999999999996,0.194175
tier_3,4,residual,code_switching,0.32620000000000005,0.4288
tier_3,4,residual,standard_translation,0.10645,0.213
tier_3,4,residual,transliteration,0.130025,0.6829000000000001
tier_3,5,attn_out,code_switching,0.02885,0.094875
tier_3,5,attn_out,standard_translation,-0.0063999999999999994,0.096575
tier_3,5,attn_out,transliteration,-0.0324,0.13875
tier_3,5,mlp_out,code_switching,0.056175,0.115575
tier_3,5,mlp_out,standard_translation,0.0026999999999999997,0.09309999999999999
tier_3,5,mlp_out,transliteration,0.0427,0.25565000000000004
tier_3,5,residual,code_switching,0.301125,0.30295
tier_3,5,residual,standard_translation,0.1099,0.213675
tier_3,5,residual,transliteration,0.11787500000000001,0.702225
tier_3,6,attn_out,code_switching,0.033025,0.05947499999999999
tier_3,6,attn_out,standard_translation,0.019200000000000002,0.041475000000000005
tier_3,6,attn_out,transliteration,-0.065175,0.113625
tier_3,6,mlp_out,code_switching,0.0432,0.06795
tier_3,6,mlp_out,standard_translation,-0.018099999999999998,0.06965
tier_3,6,mlp_out,transliteration,0.093825,0.363425
tier_3,6,residual,code_switching,0.29969999999999997,0.276925
tier_3,6,residual,standard_translation,0.103175,0.20105
tier_3,6,residual,transliteration,0.034800000000000005,0.6249499999999999
tier_3,7,attn_out,code_switching,-0.01225,0.08745
tier_3,7,attn_out,standard_translation,0.013200000000000002,0.054375
tier_3,7,attn_out,transliteration,0.004450000000000001,0.13260000000000002
tier_3,7,mlp_out,code_switching,0.0402,0.139075
tier_3,7,mlp_out,standard_translation,0.039475,0.078525
tier_3,7,mlp_out,transliteration,-0.101475,0.19837499999999997
tier_3,7,residual,code_switching,0.38899999999999996,0.3196
tier_3,7,residual,standard_translation,0.06520000000000001,0.18195
tier_3,7,residual,transliteration,-0.025800000000000003,0.33330000000000004
tier_3,8,attn_out,code_switching,-0.01125,0.027775
tier_3,8,attn_out,standard_translation,-0.010925,0.020125
tier_3,8,attn_out,transliteration,0.0039000000000000016,0.063725
tier_3,8,mlp_out,code_switching,0.0352,0.0557
tier_3,8,mlp_out,standard_translation,0.025124999999999998,0.096925
tier_3,8,mlp_out,transliteration,-0.006950000000000001,0.139675
tier_3,8,residual,code_switching,0.415575,0.368575
tier_3,8,residual,standard_translation,0.0605,0.17525
tier_3,8,residual,transliteration,-0.010724999999999998,0.233825
tier_3,9,attn_out,code_switching,0.021374999999999998,0.046825
tier_3,9,attn_out,standard_translation,-0.00865,0.031675
tier_3,9,attn_out,transliteration,-0.054875,0.119425
tier_3,9,mlp_out,code_switching,0.009775,0.06697499999999999
tier_3,9,mlp_out,standard_translation,-0.027375,0.04075
tier_3,9,mlp_out,transliteration,-0.0342,0.05015
tier_3,9,residual,code_switching,0.29717499999999997,0.27685
tier_3,9,residual,standard_translation,0.003925000000000001,0.17275
tier_3,9,residual,transliteration,-0.018549999999999997,0.211275
tier_3,10,attn_out,code_switching,0.0014249999999999998,0.0272
tier_3,10,attn_out,standard_translation,-0.0154,0.03195
tier_3,10,attn_out,transliteration,0.044225,0.11345000000000001
tier_3,10,mlp_out,code_switching,0.04875,0.07975
tier_3,10,mlp_out,standard_translation,-0.00035000000000000157,0.08035
tier_3,10,mlp_out,transliteration,-0.1654,0.209375
tier_3,10,residual,code_switching,0.266075,0.25545
tier_3,10,residual,standard_translation,-0.004825000000000001,0.17027499999999998
tier_3,10,residual,transliteration,-0.052300000000000006,0.261425
tier_3,11,attn_out,code_switching,-0.019025,0.048850000000000005
tier_3,11,attn_out,standard_translation,-0.00555,0.018175
tier_3,11,attn_out,transliteration,-0.03755,0.131225
tier_3,11,mlp_out,code_switching,0.028149999999999998,0.07485
tier_3,11,mlp_out,standard_translation,-0.0266,0.082375
tier_3,11,mlp_out,transliteration,-0.00019999999999999662,0.0819
tier_3,11,residual,code_switching,0.2508,0.21860000000000002
tier_3,11,residual,standard_translation,-0.021275,0.17135
tier_3,11,residual,transliteration,-0.040049999999999995,0.33775
tier_3,12,attn_out,code_switching,-0.003175,0.029849999999999998
tier_3,12,attn_out,standard_translation,-0.0388,0.0296
tier_3,12,attn_out,transliteration,-0.009874999999999998,0.10934999999999999
tier_3,12,mlp_out,code_switching,0.0062,0.027725
tier_3,12,mlp_out,standard_translation,0.025225,0.051875
tier_3,12,mlp_out,transliteration,-0.06315,0.208
tier_3,12,residual,code_switching,0.227125,0.2476
tier_3,12,residual,standard_translation,-0.022375,0.185825
tier_3,12,residual,transliteration,-0.07784999999999999,0.310475
tier_3,13,attn_out,code_switching,-0.0033,0.008225
tier_3,13,attn_out,standard_translation,-0.007424999999999999,0.008825
tier_3,13,attn_out,transliteration,-0.066475,0.19295
tier_3,13,mlp_out,code_switching,0.01115,0.026175
tier_3,13,mlp_out,standard_translation,0.01095,0.060399999999999995
tier_3,13,mlp_out,transliteration,-0.0687,0.16685
tier_3,13,residual,code_switching,0.21180000000000002,0.25532499999999997
tier_3,13,residual,standard_translation,-0.02515,0.184075
tier_3,13,residual,transliteration,-0.08405,0.3152
tier_3,14,attn_out,code_switching,-0.0023250000000000002,0.013025
tier_3,14,attn_out,standard_translation,0.008799999999999999,0.0183
tier_3,14,attn_out,transliteration,-0.029025,0.11590000000000002
tier_3,14,mlp_out,code_switching,0.004549999999999999,0.016974999999999997
tier_3,14,mlp_out,standard_translation,0.010175,0.07907499999999999
tier_3,14,mlp_out,transliteration,0.0762,0.13092499999999999
tier_3,14,residual,code_switching,0.139,0.14487499999999998
tier_3,14,residual,standard_translation,-0.019875,0.169025
tier_3,14,residual,transliteration,-0.060425000000000006,0.33420000000000005
tier_3,15,attn_out,code_switching,-0.00037500000000000006,0.010675
tier_3,15,attn_out,standard_translation,-0.00715,0.01925
tier_3,15,attn_out,transliteration,0.006825000000000001,0.07577500000000001
tier_3,15,mlp_out,code_switching,0.01325,0.031875
tier_3,15,mlp_out,standard_translation,0.0011500000000000004,0.028375
tier_3,15,mlp_out,transliteration,-0.0506,0.1259
tier_3,15,residual,code_switching,0.09075,0.08487499999999999
tier_3,15,residual,standard_translation,0.022150000000000003,0.145625
tier_3,15,residual,transliteration,-0.070575,0.333875
tier_3,16,attn_out,code_switching,-0.0046749999999999995,0.013025
tier_3,16,attn_out,standard_translation,0.00445,0.009325
tier_3,16,attn_out,transliteration,-0.026549999999999997,0.044750000000000005
tier_3,16,mlp_out,code_switching,0.00175,0.014525
tier_3,16,mlp_out,standard_translation,0.029150000000000002,0.027524999999999997
tier_3,16,mlp_out,transliteration,-0.029525,0.126325
tier_3,16,residual,code_switching,0.08704999999999999,0.0882
tier_3,16,residual,standard_translation,0.0392,0.129925
tier_3,16,residual,transliteration,-0.074375,0.478425
tier_3,17,attn_out,code_switching,-0.000775,0.004475
tier_3,17,attn_out,standard_translation,0.002075,0.0067
tier_3,17,attn_out,transliteration,-0.0337,0.069425
tier_3,17,mlp_out,code_switching,0.001725,0.020724999999999997
tier_3,17,mlp_out,standard_translation,0.011525,0.01645
tier_3,17,mlp_out,transliteration,0.017475,0.071975
tier_3,17,residual,code_switching,0.053275,0.0828
tier_3,17,residual,standard_translation,0.020900000000000002,0.07475
tier_3,17,residual,transliteration,-0.029674999999999997,0.274525
tier_3,18,attn_out,code_switching,-0.00815,0.0178
tier_3,18,attn_out,standard_translation,0.0025499999999999997,0.0032
tier_3,18,attn_out,transliteration,0.013,0.054
tier_3,18,mlp_out,code_switching,-0.013375,0.029699999999999997
tier_3,18,mlp_out,standard_translation,0.0161,0.013075
tier_3,18,mlp_out,transliteration,0.0084,0.132225
tier_3,18,residual,code_switching,0.037375,0.07534999999999999
tier_3,18,residual,standard_translation,0.02045,0.062575
tier_3,18,residual,transliteration,-0.056350000000000004,0.195575
tier_3,19,attn_out,code_switching,-0.00445,0.01035
tier_3,19,attn_out,standard_translation,0.0053,0.0092
tier_3,19,attn_out,transliteration,-0.0063750000000000005,0.055600000000000004
tier_3,19,mlp_out,code_switching,-0.022775,0.050625
tier_3,19,mlp_out,standard_translation,0.012,0.01995
tier_3,19,mlp_out,transliteration,-0.026099999999999998,0.08155
tier_3,19,residual,code_switching,0.039200000000000006,0.08225
tier_3,19,residual,standard_translation,0.006550000000000002,0.06775
tier_3,19,residual,transliteration,-0.064275,0.144
tier_3,20,attn_out,code_switching,-0.003025,0.0148
tier_3,20,attn_out,standard_translation,-0.00215,0.006125
tier_3,20,attn_out,transliteration,-0.0459,0.055325
tier_3,20,mlp_out,code_switching,0.0003999999999999997,0.011425000000000001
tier_3,20,mlp_out,standard_translation,0.0051,0.014425
tier_3,20,mlp_out,transliteration,-0.05905,0.062224999999999996
tier_3,20,residual,code_switching,-0.006374999999999999,0.116
tier_3,20,residual,standard_translation,-0.005424999999999999,0.043800000000000006
tier_3,20,residual,transliteration,0.003675000000000002,0.15315
tier_3,21,attn_out,code_switching,-0.0012749999999999999,0.0029749999999999998
tier_3,21,attn_out,standard_translation,0.0049,0.00805
tier_3,21,attn_out,transliteration,0.009875,0.047499999999999994
tier_3,21,mlp_out,code_switching,-0.0013499999999999999,0.005725
tier_3,21,mlp_out,standard_translation,0.006274999999999999,0.02215
tier_3,21,mlp_out,transliteration,-0.023025,0.05095
tier_3,21,residual,code_switching,-0.0211,0.072
tier_3,21,residual,standard_translation,-0.007175000000000001,0.046525
tier_3,21,residual,transliteration,-0.008899999999999993,0.1354
tier_3,22,attn_out,code_switching,-0.000325,0.0012749999999999999
tier_3,22,attn_out,standard_translation,-0.00095,0.005075
tier_3,22,attn_out,transliteration,-0.02435,0.05822499999999999
tier_3,22,mlp_out,code_switching,-0.003275,0.0135
tier_3,22,mlp_out,standard_translation,0.0107,0.013625
tier_3,22,mlp_out,transliteration,0.01865,0.0395
tier_3,22,residual,code_switching,-0.027825,0.07672499999999999
tier_3,22,residual,standard_translation,-0.008924999999999999,0.04705
tier_3,22,residual,transliteration,-0.033475,0.1071
tier_3,23,attn_out,code_switching,0.00022499999999999994,0.0019
tier_3,23,attn_out,standard_translation,-0.0014,0.004875
tier_3,23,attn_out,transliteration,-0.034624999999999996,0.066875
tier_3,23,mlp_out,code_switching,0.00012500000000000003,0.0037249999999999996
tier_3,23,mlp_out,standard_translation,0.0055,0.014375
tier_3,23,mlp_out,transliteration,-0.076725,0.16107500000000002
tier_3,23,residual,code_switching,-0.028625,0.07995
tier_3,23,residual,standard_translation,-0.007625,0.045225
tier_3,23,residual,transliteration,-0.0432,0.12585000000000002
tier_3,24,attn_out,code_switching,0.0035750000000000005,0.006125
tier_3,24,attn_out,standard_translation,-1.3552527156068805e-20,0.005025
tier_3,24,attn_out,transliteration,0.020025,0.06195
tier_3,24,mlp_out,code_switching,0.002,0.00435
tier_3,24,mlp_out,standard_translation,0.010275000000000001,0.0141
tier_3,24,mlp_out,transliteration,0.019299999999999998,0.082725
tier_3,24,residual,code_switching,-0.01715,0.123775
tier_3,24,residual,standard_translation,-0.015775,0.0499
tier_3,24,residual,transliteration,-0.052324999999999997,0.10922499999999999
tier_3,25,attn_out,code_switching,0.0018999999999999998,0.003375
tier_3,25,attn_out,standard_translation,-0.0005,0.0025499999999999997
tier_3,25,attn_out,transliteration,-0.019375,0.0296
tier_3,25,mlp_out,code_switching,0.0023750000000000004,0.012925
tier_3,25,mlp_out,standard_translation,-0.004875,0.00655
tier_3,25,mlp_out,transliteration,0.008399999999999998,0.067675
tier_3,25,residual,code_switching,-0.011374999999999998,0.106
tier_3,25,residual,standard_translation,-0.017025,0.037075
tier_3,25,residual,transliteration,-0.044375,0.07554999999999999
tier_3,26,attn_out,code_switching,-0.00125,0.00465
tier_3,26,attn_out,standard_translation,0.00115,0.0038
tier_3,26,attn_out,transliteration,0.0018499999999999999,0.013625
tier_3,26,mlp_out,code_switching,0.0010500000000000002,0.004375
tier_3,26,mlp_out,standard_translation,0.0024999999999999996,0.010375
tier_3,26,mlp_out,transliteration,-0.072675,0.08952500000000001
tier_3,26,residual,code_switching,-0.01645,0.119175
tier_3,26,residual,standard_translation,-0.02155,0.036675
tier_3,26,residual,transliteration,-0.04225,0.0736
tier_3,27,attn_out,code_switching,-0.001875,0.007150000000000001
tier_3,27,attn_out,standard_translation,0.00435,0.0054
tier_3,27,attn_out,transliteration,-0.028399999999999995,0.0447
tier_3,27,mlp_out,code_switching,0.001,0.005275
tier_3,27,mlp_out,standard_translation,0.00405,0.011975000000000001
tier_3,27,mlp_out,transliteration,-0.008324999999999999,0.0531
tier_3,27,residual,code_switching,-0.00465,0.07095
tier_3,27,residual,standard_translation,-0.013975,0.0206
tier_3,27,residual,transliteration,-0.0436,0.0615
tier_3,28,attn_out,code_switching,0.00025,0.0010999999999999998
tier_3,28,attn_out,standard_translation,0.005425,0.005825
tier_3,28,attn_out,transliteration,0.007775000000000001,0.01215
tier_3,28,mlp_out,code_switching,-0.000625,0.003275
tier_3,28,mlp_out,standard_translation,-0.007975,0.00455
tier_3,28,mlp_out,transliteration,-0.034725,0.06155
tier_3,28,residual,code_switching,-0.0021249999999999993,0.058675
tier_3,28,residual,standard_translation,-0.01125,0.01655
tier_3,28,residual,transliteration,-0.045775,0.065675
tier_3,29,attn_out,code_switching,-5.0000000000000036e-05,0.00155
tier_3,29,attn_out,standard_translation,0.004525,0.00425
tier_3,29,attn_out,transliteration,0.0198,0.034075
tier_3,29,mlp_out,code_switching,-0.00045,0.0031000000000000003
tier_3,29,mlp_out,standard_translation,-0.0026,0.0041
tier_3,29,mlp_out,transliteration,0.0898,0.12115
tier_3,29,residual,code_switching,0.0036249999999999998,0.004925
tier_3,29,residual,standard_translation,-0.004275,0.0129
tier_3,29,residual,transliteration,-0.0805,0.09035
tier_3,30,attn_out,code_switching,0.000225,0.00075
tier_3,30,attn_out,standard_translation,-0.001725,0.00215
tier_3,30,attn_out,transliteration,0.029,0.0488
tier_3,30,mlp_out,code_switching,5.000000000000001e-05,0.0019
tier_3,30,mlp_out,standard_translation,-0.005725,0.0064
tier_3,30,mlp_out,transliteration,0.020675000000000002,0.054225
tier_3,30,residual,code_switching,0.002125,0.0057
tier_3,30,residual,standard_translation,-0.0011250000000000001,0.01165
tier_3,30,residual,transliteration,-0.009325,0.06815
tier_3,31,attn_out,code_switching,0.0,0.0
tier_3,31,attn_out,standard_translation,0.0,0.0
tier_3,31,attn_out,transliteration,0.0,0.0
tier_3,31,mlp_out,code_switching,0.0,0.0
tier_3,31,mlp_out,standard_translation,0.0,0.0
tier_3,31,mlp_out,transliteration,0.0,0.0
tier_3,31,residual,code_switching,0.0,0.0
tier_3,31,residual,standard_translation,0.0,0.0
tier_3,31,residual,transliteration,0.0,0.0
tier_4,0,attn_out,code_switching,0.021900000000000003,0.04340000000000001
tier_4,0,attn_out,standard_translation,-0.004775,0.01225
tier_4,0,attn_out,transliteration,-0.19135,0.37989999999999996
tier_4,0,mlp_out,code_switching,0.095425,0.0911
tier_4,0,mlp_out,standard_translation,-0.01815,0.025974999999999998
tier_4,0,mlp_out,transliteration,-1.73505,3.4451
tier_4,0,residual,code_switching,0.12769999999999998,0.111825
tier_4,0,residual,standard_translation,-0.016300000000000002,0.0298
tier_4,0,residual,transliteration,-1.874525,3.78065
tier_4,1,attn_out,code_switching,0.024825,0.0426
tier_4,1,attn_out,standard_translation,-0.0033,0.008450000000000001
tier_4,1,attn_out,transliteration,0.304475,0.671675
tier_4,1,mlp_out,code_switching,0.028699999999999996,0.0494
tier_4,1,mlp_out,standard_translation,-0.003475,0.009174999999999999
tier_4,1,mlp_out,transliteration,-0.03905,0.08587499999999999
tier_4,1,residual,code_switching,0.16685,0.122225
tier_4,1,residual,standard_translation,-0.01035,0.03415
tier_4,1,residual,transliteration,-2.1957750000000003,4.354375
tier_4,2,attn_out,code_switching,0.031150000000000004,0.042124999999999996
tier_4,2,attn_out,standard_translation,-0.000775,0.0053
tier_4,2,attn_out,transliteration,-0.1894,0.3825
tier_4,2,mlp_out,code_switching,0.0007750000000000001,0.024275
tier_4,2,mlp_out,standard_translation,0.0005250000000000001,0.009975
tier_4,2,mlp_out,transliteration,0.70275,1.4948
tier_4,2,residual,code_switching,0.22719999999999999,0.18005
tier_4,2,residual,standard_translation,-0.0010250000000000007,0.0353
tier_4,2,residual,transliteration,-1.7822999999999998,3.5591500000000003
tier_4,3,attn_out,code_switching,0.054675,0.08399999999999999
tier_4,3,attn_out,standard_translation,0.0016749999999999998,0.0031
tier_4,3,attn_out,transliteration,0.20662499999999998,0.4374
tier_4,3,mlp_out,code_switching,0.018099999999999998,0.0294
tier_4,3,mlp_out,standard_translation,0.0006500000000000001,0.0089
tier_4,3,mlp_out,transliteration,0.003549999999999998,0.143325
tier_4,3,residual,code_switching,0.274675,0.199275
tier_4,3,residual,standard_translation,0.011025,0.03855
tier_4,3,residual,transliteration,-1.7026999999999999,3.365325
tier_4,4,attn_out,code_switching,0.0013499999999999999,0.0083
tier_4,4,attn_out,standard_translation,0.001225,0.005875
tier_4,4,attn_out,transliteration,-0.30870000000000003,0.61585
tier_4,4,mlp_out,code_switching,0.104725,0.098075
tier_4,4,mlp_out,standard_translation,0.0039,0.008075
tier_4,4,mlp_out,transliteration,-0.063025,0.12575
tier_4,4,residual,code_switching,0.27392500000000003,0.1949
tier_4,4,residual,standard_translation,0.0121,0.038475
tier_4,4,residual,transliteration,-2.0998999999999994,4.19135
tier_4,5,attn_out,code_switching,0.050825,0.0525
tier_4,5,attn_out,standard_translation,0.0022500000000000003,0.006500000000000001
tier_4,5,attn_out,transliteration,0.238525,0.49362500000000004
tier_4,5,mlp_out,code_switching,0.03895,0.046375
tier_4,5,mlp_out,standard_translation,-0.001725,0.0093
tier_4,5,mlp_out,transliteration,-0.5085000000000001,1.0753249999999999
tier_4,5,residual,code_switching,0.317275,0.177325
tier_4,5,residual,standard_translation,0.032174999999999995,0.04515
tier_4,5,residual,transliteration,-1.9377499999999999,3.878975
tier_4,6,attn_out,code_switching,0.0027749999999999997,0.020649999999999998
tier_4,6,attn_out,standard_translation,-0.001725,0.0061
tier_4,6,attn_out,transliteration,-0.22825,0.49005
tier_4,6,mlp_out,code_switching,0.073275,0.0794
tier_4,6,mlp_out,standard_translation,-0.0011250000000000001,0.009025
tier_4,6,mlp_out,transliteration,-0.65785,1.314575
tier_4,6,residual,code_switching,0.33315,0.185425
tier_4,6,residual,standard_translation,0.0479,0.046425
tier_4,6,residual,transliteration,-2.2314249999999998,4.468425000000001
tier_4,7,attn_out,code_switching,0.018500000000000003,0.02095
tier_4,7,attn_out,standard_translation,0.0024749999999999998,0.007949999999999999
tier_4,7,attn_out,transliteration,0.0029000000000000007,0.03745
tier_4,7,mlp_out,code_switching,0.023975,0.0332
tier_4,7,mlp_out,standard_translation,-0.004,0.009275
tier_4,7,mlp_out,transliteration,-0.36952500000000005,0.7665249999999999
tier_4,7,residual,code_switching,0.347325,0.194475
tier_4,7,residual,standard_translation,0.08295,0.044925
tier_4,7,residual,transliteration,-1.262325,2.535525
tier_4,8,attn_out,code_switching,0.001325,0.00555
tier_4,8,attn_out,standard_translation,-0.000325,0.002225
tier_4,8,attn_out,transliteration,0.10294999999999999,0.216475
tier_4,8,mlp_out,code_switching,0.07014999999999999,0.076975
tier_4,8,mlp_out,standard_translation,0.003775,0.00655
tier_4,8,mlp_out,transliteration,-0.29807500000000003,0.6570250000000001
tier_4,8,residual,code_switching,0.344175,0.194325
tier_4,8,residual,standard_translation,0.088975,0.04475
tier_4,8,residual,transliteration,-0.8107749999999999,1.62745
tier_4,9,attn_out,code_switching,-0.00445,0.0147
tier_4,9,attn_out,standard_translation,0.006125,0.006625000000000001
tier_4,9,attn_out,transliteration,-0.309475,0.6393
tier_4,9,mlp_out,code_switching,0.0012000000000000001,0.01485
tier_4,9,mlp_out,standard_translation,-0.0024749999999999998,0.004775
tier_4,9,mlp_out,transliteration,-0.16835,0.36842499999999995
tier_4,9,residual,code_switching,0.2642,0.16647499999999998
tier_4,9,residual,standard_translation,0.09129999999999999,0.041675000000000004
tier_4,9,residual,transliteration,-0.5512,1.134825
tier_4,10,attn_out,code_switching,-0.0052499999999999995,0.011875
tier_4,10,attn_out,standard_translation,0.0014500000000000001,0.0033750000000000004
tier_4,10,attn_out,transliteration,0.050625,0.11095000000000001
tier_4,10,mlp_out,code_switching,0.01855,0.018075
tier_4,10,mlp_out,standard_translation,0.0003749999999999999,0.006
tier_4,10,mlp_out,transliteration,-0.20274999999999999,0.429125
tier_4,10,residual,code_switching,0.24819999999999998,0.159225
tier_4,10,residual,standard_translation,0.0959,0.038075
tier_4,10,residual,transliteration,-0.26527500000000004,0.554575
tier_4,11,attn_out,code_switching,0.00375,0.011425000000000001
tier_4,11,attn_out,standard_translation,0.001425,0.002425
tier_4,11,attn_out,transliteration,-0.051575,0.14802500000000002
tier_4,11,mlp_out,code_switching,0.020575,0.033025
tier_4,11,mlp_out,standard_translation,-9.999999999999994e-05,0.0053
tier_4,11,mlp_out,transliteration,0.240525,0.49655
tier_4,11,residual,code_switching,0.24860000000000002,0.15842499999999998
tier_4,11,residual,standard_translation,0.099,0.037025
tier_4,11,residual,transliteration,-0.012325000000000003,0.11335
tier_4,12,attn_out,code_switching,-0.00505,0.0072
tier_4,12,attn_out,standard_translation,-0.000125,0.002125
tier_4,12,attn_out,transliteration,-0.189225,0.3738
tier_4,12,mlp_out,code_switching,0.0032749999999999997,0.02525
tier_4,12,mlp_out,standard_translation,0.0025250000000000003,0.004175
tier_4,12,mlp_out,transliteration,-0.09845,0.20664999999999997
tier_4,12,residual,code_switching,0.188025,0.139575
tier_4,12,residual,standard_translation,0.08075,0.037825
tier_4,12,residual,transliteration,0.066225,0.190975
tier_4,13,attn_out,code_switching,-0.004275,0.0092
tier_4,13,attn_out,standard_translation,0.00025,0.00135
tier_4,13,attn_out,transliteration,-0.0069,0.026824999999999998
tier_4,13,mlp_out,code_switching,0.0008999999999999998,0.022525
tier_4,13,mlp_out,standard_translation,0.001725,0.00545
tier_4,13,mlp_out,transliteration,0.105125,0.2269
tier_4,13,residual,code_switching,0.16125,0.1361
tier_4,13,residual,standard_translation,0.073175,0.033675
tier_4,13,residual,transliteration,0.30505,0.685975
tier_4,14,attn_out,code_switching,-0.00215,0.003175
tier_4,14,attn_out,standard_translation,-0.0009,0.001375
tier_4,14,attn_out,transliteration,-0.039775000000000005,0.08447500000000001
tier_4,14,mlp_out,code_switching,0.007,0.017599999999999998
tier_4,14,mlp_out,standard_translation,-0.00019999999999999998,0.00575
tier_4,14,mlp_out,transliteration,0.148025,0.309975
tier_4,14,residual,code_switching,0.1368,0.115375
tier_4,14,residual,standard_translation,0.062375,0.0318
tier_4,14,residual,transliteration,0.3305,0.7641249999999999
tier_4,15,attn_out,code_switching,5.000000000000002e-05,0.00575
tier_4,15,attn_out,standard_translation,0.00075,0.001375
tier_4,15,attn_out,transliteration,-0.07575,0.15642499999999998
tier_4,15,mlp_out,code_switching,0.00355,0.008525
tier_4,15,mlp_out,standard_translation,0.000825,0.0029749999999999998
tier_4,15,mlp_out,transliteration,0.010950000000000001,0.039975000000000004
tier_4,15,residual,code_switching,0.0947,0.085125
tier_4,15,residual,standard_translation,0.054925,0.030574999999999998
tier_4,15,residual,transliteration,0.2905,0.647925
tier_4,16,attn_out,code_switching,0.0012499999999999998,0.002925
tier_4,16,attn_out,standard_translation,-0.00045,0.0017749999999999999
tier_4,16,attn_out,transliteration,-0.09345,0.19225
tier_4,16,mlp_out,code_switching,0.0030499999999999998,0.01385
tier_4,16,mlp_out,standard_translation,0.00235,0.005025
tier_4,16,mlp_out,transliteration,0.072475,0.17545
tier_4,16,residual,code_switching,0.08282500000000001,0.076375
tier_4,16,residual,standard_translation,0.052000000000000005,0.026475
tier_4,16,residual,transliteration,0.15352500000000002,0.394625
tier_4,17,attn_out,code_switching,-0.001175,0.0016749999999999998
tier_4,17,attn_out,standard_translation,0.00017500000000000003,0.000575
tier_4,17,attn_out,transliteration,-0.027424999999999998,0.056925
tier_4,17,mlp_out,code_switching,0.003125,0.006475
tier_4,17,mlp_out,standard_translation,-0.00027500000000000007,0.001725
tier_4,17,mlp_out,transliteration,0.011825,0.028849999999999997
tier_4,17,residual,code_switching,0.0157,0.023725
tier_4,17,residual,standard_translation,0.011575,0.0145
tier_4,17,residual,transliteration,-0.2523,0.5700000000000001
tier_4,18,attn_out,code_switching,-7.500000000000001e-05,0.002025
tier_4,18,attn_out,standard_translation,-0.0004249999999999999,0.000675
tier_4,18,attn_out,transliteration,-0.02735,0.054525000000000004
tier_4,18,mlp_out,code_switching,0.003525,0.008
tier_4,18,mlp_out,standard_translation,0.00017499999999999997,0.0012000000000000001
tier_4,18,mlp_out,transliteration,0.055125,0.126875
tier_4,18,residual,code_switching,0.0069500000000000004,0.020925
tier_4,18,residual,standard_translation,0.00935,0.011125
tier_4,18,residual,transliteration,-0.12934999999999997,0.30785
tier_4,19,attn_out,code_switching,-0.0005499999999999999,0.00245
tier_4,19,attn_out,standard_translation,-0.00030000000000000003,0.000825
tier_4,19,attn_out,transliteration,-0.032100000000000004,0.06485
tier_4,19,mlp_out,code_switching,0.002725,0.003925
tier_4,19,mlp_out,standard_translation,0.0009,0.00115
tier_4,19,mlp_out,transliteration,0.057625,0.117225
tier_4,19,residual,code_switching,0.0101,0.017075
tier_4,19,residual,standard_translation,0.00935,0.00975
tier_4,19,residual,transliteration,-0.066775,0.16770000000000002
tier_4,20,attn_out,code_switching,0.00055,0.00195
tier_4,20,attn_out,standard_translation,-9.999999999999999e-05,0.00065
tier_4,20,attn_out,transliteration,0.016625,0.037625
tier_4,20,mlp_out,code_switching,-0.00025,0.003625
tier_4,20,mlp_out,standard_translation,0.00034999999999999994,0.002175
tier_4,20,mlp_out,transliteration,-0.040625,0.08059999999999999
tier_4,20,residual,code_switching,0.012675000000000002,0.01765
tier_4,20,residual,standard_translation,0.0074,0.009975000000000001
tier_4,20,residual,transliteration,-0.15049999999999997,0.32397499999999996
tier_4,21,attn_out,code_switching,2.4999999999999984e-05,0.0008
tier_4,21,attn_out,standard_translation,-4.999999999999998e-05,0.000575
tier_4,21,attn_out,transliteration,0.009600000000000001,0.021075000000000003
tier_4,21,mlp_out,code_switching,0.0022,0.00435
tier_4,21,mlp_out,standard_translation,0.00015000000000000001,0.001525
tier_4,21,mlp_out,transliteration,-0.0601,0.124675
tier_4,21,residual,code_switching,0.015,0.018375
tier_4,21,residual,standard_translation,0.00585,0.0091
tier_4,21,residual,transliteration,-0.17272500000000002,0.36095
tier_4,22,attn_out,code_switching,0.00030000000000000003,0.00075
tier_4,22,attn_out,standard_translation,4.9999999999999996e-05,0.00047499999999999994
tier_4,22,attn_out,transliteration,-0.009475,0.02115
tier_4,22,mlp_out,code_switching,0.0013,0.0025499999999999997
tier_4,22,mlp_out,standard_translation,0.00075,0.0017000000000000001
tier_4,22,mlp_out,transliteration,0.001375,0.00795
tier_4,22,residual,code_switching,0.012025000000000001,0.01575
tier_4,22,residual,standard_translation,0.0059499999999999996,0.008425
tier_4,22,residual,transliteration,-0.143375,0.302525
tier_4,23,attn_out,code_switching,-0.00027499999999999996,0.0013
tier_4,23,attn_out,standard_translation,-2.500000000000001e-05,0.00045
tier_4,23,attn_out,transliteration,0.015125000000000001,0.03195
tier_4,23,mlp_out,code_switching,0.00085,0.00395
tier_4,23,mlp_out,standard_translation,-0.001075,0.001325
tier_4,23,mlp_out,transliteration,-0.030074999999999998,0.059300000000000005
tier_4,23,residual,code_switching,0.0093,0.01055
tier_4,23,residual,standard_translation,0.00475,0.00625
tier_4,23,residual,transliteration,-0.120625,0.25205
tier_4,24,attn_out,code_switching,-0.0002,0.0005
tier_4,24,attn_out,standard_translation,0.00019999999999999998,0.000575
tier_4,24,attn_out,transliteration,-0.011425,0.025824999999999997
tier_4,24,mlp_out,code_switching,0.00075,0.000725
tier_4,24,mlp_out,standard_translation,0.00047499999999999994,0.000725
tier_4,24,mlp_out,transliteration,-0.016675,0.034124999999999996
tier_4,24,residual,code_switching,-0.0006,0.01075
tier_4,24,residual,standard_translation,0.0015,0.005875
tier_4,24,residual,transliteration,-0.005625,0.01455
tier_4,25,attn_out,code_switching,0.00019999999999999998,0.00025
tier_4,25,attn_out,standard_translation,0.00030000000000000003,0.00035
tier_4,25,attn_out,transliteration,-0.01395,0.029349999999999998
tier_4,25,mlp_out,code_switching,0.00030000000000000003,0.000875
tier_4,25,mlp_out,standard_translation,-0.000125,0.000575
tier_4,25,mlp_out,transliteration,-0.025575000000000004,0.0527
tier_4,25,residual,code_switching,-0.0021999999999999997,0.00915
tier_4,25,residual,standard_translation,0.0010249999999999999,0.005375
tier_4,25,residual,transliteration,-0.019025000000000004,0.04055
tier_4,26,attn_out,code_switching,5e-05,0.000525
tier_4,26,attn_out,standard_translation,0.00015000000000000001,0.00019999999999999998
tier_4,26,attn_out,transliteration,-0.0193,0.03977499999999999
tier_4,26,mlp_out,code_switching,0.00025,0.001125
tier_4,26,mlp_out,standard_translation,0.00025,0.000975
tier_4,26,mlp_out,transliteration,0.00435,0.01
tier_4,26,residual,code_switching,-0.001925,0.0094
tier_4,26,residual,standard_translation,0.00125,0.004399999999999999
tier_4,26,residual,transliteration,-0.006625000000000001,0.019299999999999998
tier_4,27,attn_out,code_switching,-0.000275,0.0006000000000000001
tier_4,27,attn_out,standard_translation,0.00012499999999999998,0.000325
tier_4,27,attn_out,transliteration,-0.015774999999999997,0.034300000000000004
tier_4,27,mlp_out,code_switching,0.0015249999999999999,0.001825
tier_4,27,mlp_out,standard_translation,0.00034999999999999994,0.000775
tier_4,27,mlp_out,transliteration,-0.007425,0.014725
tier_4,27,residual,code_switching,0.00035,0.005275
tier_4,27,residual,standard_translation,0.00085,0.0037749999999999997
tier_4,27,residual,transliteration,0.000925,0.005725
tier_4,28,attn_out,code_switching,4.9999999999999996e-05,0.00045
tier_4,28,attn_out,standard_translation,0.0001,0.00035
tier_4,28,attn_out,transliteration,-0.00565,0.014199999999999999
tier_4,28,mlp_out,code_switching,0.000175,0.0011250000000000001
tier_4,28,mlp_out,standard_translation,0.000525,0.0009249999999999999
tier_4,28,mlp_out,transliteration,-0.01035,0.02115
tier_4,28,residual,code_switching,0.00135,0.00265
tier_4,28,residual,standard_translation,0.00095,0.00245
tier_4,28,residual,transliteration,0.0027,0.011375
tier_4,29,attn_out,code_switching,0.000525,0.000325
tier_4,29,attn_out,standard_translation,0.000325,0.00075
tier_4,29,attn_out,transliteration,0.00205,0.0053
tier_4,29,mlp_out,code_switching,4.999999999999997e-05,0.001
tier_4,29,mlp_out,standard_translation,-2.0328790734103208e-20,0.00042500000000000003
tier_4,29,mlp_out,transliteration,-0.005225,0.015875
tier_4,29,residual,code_switching,0.0033,0.0047
tier_4,29,residual,standard_translation,0.001,0.000825
tier_4,29,residual,transliteration,-0.0039000000000000003,0.012075
tier_4,30,attn_out,code_switching,0.000325,0.00027499999999999996
tier_4,30,attn_out,standard_translation,-7.500000000000001e-05,0.000275
tier_4,30,attn_out,transliteration,-0.0088,0.017775
tier_4,30,mlp_out,code_switching,-0.000375,0.0009
tier_4,30,mlp_out,standard_translation,2.4999999999999984e-05,0.0005
tier_4,30,mlp_out,transliteration,-0.007775,0.015925
tier_4,30,residual,code_switching,0.00255,0.002725
tier_4,30,residual,standard_translation,0.00045,0.0006000000000000001
tier_4,30,residual,transliteration,-0.0115,0.025675000000000003
tier_4,31,attn_out,code_switching,0.0,0.0
tier_4,31,attn_out,standard_translation,0.0,0.0
tier_4,31,attn_out,transliteration,0.0,0.0
tier_4,31,mlp_out,code_switching,0.0,0.0
tier_4,31,mlp_out,standard_translation,0.0,0.0
tier_4,31,mlp_out,transliteration,0.0,0.0
tier_4,31,residual,code_switching,0.0,0.0
tier_4,31,residual,standard_translation,0.0,0.0
tier_4,31,residual,transliteration,0.0,0.0
